Device_ID,Test_Type,Stress_Temperature_C,Stress_Voltage_V,Humidity_Percent,Failure_Time_Hours,Censored,Batch_ID
D0001,HTOL,100,4.0,40,2000.0,1,B3
D0002,HTOL,100,4.0,40,2000.0,1,B2
D0003,HTOL,100,4.0,40,2000.0,1,B1
D0004,HTOL,100,4.0,40,2000.0,1,B2
D0005,HTOL,100,4.0,40,2000.0,1,B1
D0006,HTOL,100,4.0,40,1637.7664387425764,0,B3
D0007,HTOL,100,4.0,40,2000.0,1,B1
D0008,HTOL,100,4.0,40,398.2320670877042,0,B1
D0009,HTOL,100,4.0,40,1759.2184886230918,0,B2
D0010,HTOL,100,4.0,40,2000.0,1,B2
D0011,HTOL,100,4.0,40,2000.0,1,B3
D0012,HTOL,100,4.0,40,2000.0,1,B2
D0013,HTOL,100,4.0,40,2000.0,1,B1
D0014,HTOL,100,4.0,40,2000.0,1,B2
D0015,HTOL,100,4.0,40,1927.1798190430345,0,B1
D0016,HTOL,100,4.0,40,2000.0,1,B2
D0017,HTOL,100,4.0,40,2000.0,1,B2
D0018,HTOL,100,4.0,40,2000.0,1,B1
D0019,HTOL,100,4.0,40,2000.0,1,B4
D0020,HTOL,100,4.0,40,2000.0,1,B3
D0021,HTOL,100,4.0,40,2000.0,1,B4
D0022,HTOL,100,4.0,40,174.8163242414807,0,B2
D0023,HTOL,100,4.0,40,1944.591781466128,0,B1
D0024,HTOL,100,4.0,40,2000.0,1,B4
D0025,HTOL,100,4.0,40,2000.0,1,B2
D0026,HTOL,100,4.0,40,2000.0,1,B1
D0027,HTOL,100,4.0,40,2000.0,1,B3
D0028,HTOL,100,4.0,40,2000.0,1,B2
D0029,HTOL,100,4.0,40,660.0585647571404,0,B2
D0030,HTOL,100,4.0,40,1881.6016721156457,0,B1
D0031,HTOL,100,4.0,40,972.2895999285108,0,B1
D0032,HTOL,100,4.0,40,2000.0,1,B3
D0033,HTOL,100,4.0,40,2000.0,1,B4
D0034,HTOL,100,4.0,40,2000.0,1,B2
D0035,HTOL,100,4.0,40,2000.0,1,B1
D0036,HTOL,100,4.0,40,2000.0,1,B4
D0037,HTOL,100,4.0,40,2000.0,1,B4
D0038,HTOL,100,4.0,40,2000.0,1,B1
D0039,HTOL,100,4.0,40,884.1935220425189,0,B1
D0040,HTOL,100,4.0,40,2000.0,1,B2
D0041,HTOL,100,4.0,40,2000.0,1,B2
D0042,HTOL,100,4.0,40,2000.0,1,B3
D0043,HTOL,100,4.0,40,759.6050562964692,0,B4
D0044,HTOL,100,4.0,40,2000.0,1,B1
D0045,HTOL,100,4.0,40,2000.0,1,B2
D0046,HTOL,100,4.0,40,2000.0,1,B1
D0047,HTOL,100,4.0,40,1408.4571527858134,0,B4
D0048,HTOL,100,4.0,40,2000.0,1,B2
D0049,HTOL,100,4.0,40,2000.0,1,B2
D0050,HTOL,100,4.0,40,2000.0,1,B2
D0051,HTOL,100,4.0,40,2000.0,1,B2
D0052,HTOL,100,4.0,40,2000.0,1,B4
D0053,HTOL,100,4.0,40,2000.0,1,B4
D0054,HTOL,100,4.0,40,1118.7548392862077,0,B2
D0055,HTOL,100,4.0,40,1700.4861085851685,0,B1
D0056,HTOL,100,4.0,40,1897.0886666618264,0,B2
D0057,HTOL,100,4.0,40,2000.0,1,B3
D0058,HTOL,100,4.0,40,2000.0,1,B1
D0059,HTOL,100,4.0,40,1326.050479341383,0,B2
D0060,HTOL,100,4.0,40,2000.0,1,B1
D0061,HTOL,100,4.0,40,2000.0,1,B1
D0062,HTOL,100,4.0,40,1704.5696896842062,0,B1
D0063,HTOL,100,4.0,40,663.6928000710491,0,B2
D0064,HTOL,100,4.0,40,744.6117230194583,0,B4
D0065,HTOL,100,4.0,40,1438.7164427102246,0,B3
D0066,HTOL,100,4.0,40,2000.0,1,B1
D0067,HTOL,100,4.0,40,858.8529585512634,0,B3
D0068,HTOL,100,4.0,40,1736.0731036355692,0,B4
D0069,HTOL,100,4.0,40,2000.0,1,B2
D0070,HTOL,100,4.0,40,2000.0,1,B4
D0071,HTOL,100,4.0,40,2000.0,1,B1
D0072,HTOL,100,4.0,40,1245.01122454441,0,B4
D0073,HTOL,100,4.0,40,1408.9052832119858,0,B1
D0074,HTOL,100,4.0,40,2000.0,1,B3
D0075,HTOL,100,4.0,40,2000.0,1,B3
D0076,HTOL,100,4.0,40,1290.6337010369589,0,B3
D0077,HTOL,100,4.0,40,2000.0,1,B4
D0078,HTOL,100,4.0,40,1641.841680297412,0,B2
D0079,HTOL,100,4.0,40,2000.0,1,B4
D0080,HTOL,100,4.0,40,1253.7320368464414,0,B3
D0081,HTOL,100,4.0,40,1782.801875968281,0,B4
D0082,HTOL,100,4.0,40,1949.2993433346096,0,B4
D0083,HTOL,100,4.0,40,1566.7856751674112,0,B3
D0084,HTOL,100,4.0,40,2000.0,1,B2
D0085,HTOL,100,4.0,40,2000.0,1,B4
D0086,HTOL,100,4.0,40,2000.0,1,B1
D0087,HTOL,100,4.0,40,2000.0,1,B4
D0088,HTOL,100,4.0,40,477.6152105113998,0,B2
D0089,HTOL,100,4.0,40,2000.0,1,B1
D0090,HTOL,100,4.0,40,1913.0246542242703,0,B1
D0091,HTOL,100,4.0,40,2000.0,1,B2
D0092,HTOL,100,4.0,40,2000.0,1,B2
D0093,HTOL,100,4.0,40,2000.0,1,B1
D0094,HTOL,100,4.0,40,642.1927187674158,0,B4
D0095,HTOL,100,4.0,40,1238.269702123932,0,B1
D0096,HTOL,100,4.0,40,2000.0,1,B2
D0097,HTOL,100,4.0,40,2000.0,1,B1
D0098,HTOL,100,4.0,40,2000.0,1,B1
D0099,HTOL,100,4.0,40,2000.0,1,B1
D0100,HTOL,100,4.0,40,2000.0,1,B2
D0101,HTOL,100,4.0,40,2000.0,1,B4
D0102,HTOL,100,4.0,40,1366.0834055599369,0,B3
D0103,HTOL,100,4.0,40,2000.0,1,B4
D0104,HTOL,100,4.0,40,666.5080022181472,0,B3
D0105,HTOL,100,4.0,40,2000.0,1,B1
D0106,HTOL,100,4.0,40,394.55346058043045,0,B4
D0107,HTOL,100,4.0,40,1761.2049817731188,0,B3
D0108,HTOL,100,4.0,40,1367.5756970470409,0,B1
D0109,HTOL,100,4.0,40,2000.0,1,B2
D0110,HTOL,100,4.0,40,2000.0,1,B1
D0111,HTOL,100,4.0,40,2000.0,1,B2
D0112,HTOL,100,4.0,40,2000.0,1,B4
D0113,HTOL,100,4.0,40,2000.0,1,B2
D0114,HTOL,100,4.0,40,1405.162867866853,0,B4
D0115,HTOL,100,4.0,40,2000.0,1,B2
D0116,HTOL,100,4.0,40,2000.0,1,B1
D0117,HTOL,100,4.0,40,2000.0,1,B4
D0118,HTOL,100,4.0,40,2000.0,1,B1
D0119,HTOL,100,4.0,40,1723.005395216394,0,B4
D0120,HTOL,100,4.0,40,2000.0,1,B2
D0121,HTOL,100,4.0,40,1856.4897066328856,0,B2
D0122,HTOL,100,4.0,40,2000.0,1,B4
D0123,HTOL,100,4.0,40,2000.0,1,B3
D0124,HTOL,100,4.0,40,2000.0,1,B1
D0125,HTOL,100,4.0,40,2000.0,1,B4
D0126,HTOL,100,4.0,40,2000.0,1,B3
D0127,HTOL,100,4.0,40,1927.5148336507727,0,B1
D0128,HTOL,100,4.0,40,2000.0,1,B4
D0129,HTOL,100,4.0,40,1844.2643980596704,0,B3
D0130,HTOL,100,4.0,40,2000.0,1,B3
D0131,HTOL,100,4.0,40,2000.0,1,B4
D0132,HTOL,100,4.0,40,1451.4778425617494,0,B4
D0133,HTOL,100,4.0,40,2000.0,1,B1
D0134,HTOL,100,4.0,40,1295.2195542517215,0,B3
D0135,HTOL,100,4.0,40,1186.3554965578148,0,B3
D0136,HTOL,100,4.0,40,863.842630152412,0,B1
D0137,HTOL,100,4.0,40,2000.0,1,B3
D0138,HTOL,100,4.0,40,2000.0,1,B2
D0139,HTOL,100,4.0,40,2000.0,1,B2
D0140,HTOL,100,4.0,40,2000.0,1,B2
D0141,HTOL,100,4.0,40,2000.0,1,B4
D0142,HTOL,100,4.0,40,1039.3408949890222,0,B4
D0143,HTOL,100,4.0,40,2000.0,1,B2
D0144,HTOL,100,4.0,40,2000.0,1,B4
D0145,HTOL,100,4.0,40,1274.1644954786884,0,B2
D0146,HTOL,100,4.0,40,2000.0,1,B2
D0147,HTOL,100,4.0,40,685.1250018765554,0,B4
D0148,HTOL,100,4.0,40,2000.0,1,B1
D0149,HTOL,100,4.0,40,1774.7386492990788,0,B1
D0150,HTOL,100,4.0,40,2000.0,1,B1
D0151,HTOL,100,4.0,40,2000.0,1,B3
D0152,HTOL,100,4.0,40,2000.0,1,B3
D0153,HTOL,100,4.0,40,2000.0,1,B4
D0154,HTOL,100,4.0,40,2000.0,1,B2
D0155,HTOL,100,4.0,40,1311.2570355289188,0,B3
D0156,HTOL,100,4.0,40,1929.9581735606275,0,B3
D0157,HTOL,100,4.0,40,2000.0,1,B4
D0158,HTOL,100,4.0,40,2000.0,1,B1
D0159,HTOL,100,4.0,40,1203.2591713738111,0,B3
D0160,HTOL,100,4.0,40,2000.0,1,B1
D0161,HTOL,100,4.0,40,593.410660094609,0,B2
D0162,HTOL,100,4.0,40,2000.0,1,B3
D0163,HTOL,100,4.0,40,319.8312041353517,0,B4
D0164,HTOL,100,4.0,40,2000.0,1,B1
D0165,HTOL,100,4.0,40,1781.1214413946072,0,B2
D0166,HTOL,100,4.0,40,925.4412162234202,0,B4
D0167,HTOL,100,4.0,40,2000.0,1,B1
D0168,HTOL,100,4.0,40,1118.573546318006,0,B4
D0169,HTOL,100,4.0,40,1883.688440830286,0,B1
D0170,HTOL,100,4.0,40,2000.0,1,B4
D0171,HTOL,100,4.0,40,2000.0,1,B2
D0172,HTOL,100,4.0,40,1555.507616294057,0,B3
D0173,HTOL,100,4.0,40,1845.9356436215064,0,B4
D0174,HTOL,100,4.0,40,2000.0,1,B1
D0175,HTOL,100,4.0,40,1706.72382247357,0,B2
D0176,HTOL,100,4.0,40,2000.0,1,B4
D0177,HTOL,100,4.0,40,2000.0,1,B2
D0178,HTOL,100,4.0,40,971.335050213559,0,B1
D0179,HTOL,100,4.0,40,2000.0,1,B3
D0180,HTOL,100,4.0,40,1861.199479175977,0,B4
D0181,HTOL,100,4.0,40,2000.0,1,B4
D0182,HTOL,100,4.0,40,2000.0,1,B1
D0183,HTOL,100,4.0,40,1647.1908852510453,0,B4
D0184,HTOL,100,4.0,40,2000.0,1,B2
D0185,HTOL,100,4.0,40,2000.0,1,B4
D0186,HTOL,100,4.0,40,2000.0,1,B4
D0187,HTOL,100,4.0,40,1422.0425167362291,0,B1
D0188,HTOL,100,4.0,40,811.8819029513124,0,B1
D0189,HTOL,100,4.0,40,2000.0,1,B1
D0190,HTOL,100,4.0,40,1307.916931009342,0,B4
D0191,HTOL,100,4.0,40,2000.0,1,B1
D0192,HTOL,100,4.0,40,2000.0,1,B3
D0193,HTOL,100,4.0,40,2000.0,1,B1
D0194,HTOL,100,4.0,40,1480.5456531294865,0,B4
D0195,HTOL,100,4.0,40,2000.0,1,B2
D0196,HTOL,100,4.0,40,1005.044056642148,0,B4
D0197,HTOL,100,4.0,40,1256.458350671783,0,B4
D0198,HTOL,100,4.0,40,2000.0,1,B2
D0199,HTOL,100,4.0,40,2000.0,1,B1
D0200,HTOL,100,4.0,40,2000.0,1,B2
D0201,HTOL,100,4.5,40,2000.0,1,B3
D0202,HTOL,100,4.5,40,1295.864980713655,0,B4
D0203,HTOL,100,4.5,40,2000.0,1,B2
D0204,HTOL,100,4.5,40,1578.2724427099392,0,B3
D0205,HTOL,100,4.5,40,2000.0,1,B4
D0206,HTOL,100,4.5,40,2000.0,1,B3
D0207,HTOL,100,4.5,40,2000.0,1,B1
D0208,HTOL,100,4.5,40,1142.503910770105,0,B3
D0209,HTOL,100,4.5,40,2000.0,1,B2
D0210,HTOL,100,4.5,40,2000.0,1,B3
D0211,HTOL,100,4.5,40,1001.8875003998152,0,B2
D0212,HTOL,100,4.5,40,2000.0,1,B4
D0213,HTOL,100,4.5,40,2000.0,1,B1
D0214,HTOL,100,4.5,40,2000.0,1,B1
D0215,HTOL,100,4.5,40,2000.0,1,B1
D0216,HTOL,100,4.5,40,2000.0,1,B1
D0217,HTOL,100,4.5,40,2000.0,1,B2
D0218,HTOL,100,4.5,40,2000.0,1,B3
D0219,HTOL,100,4.5,40,2000.0,1,B3
D0220,HTOL,100,4.5,40,2000.0,1,B2
D0221,HTOL,100,4.5,40,2000.0,1,B1
D0222,HTOL,100,4.5,40,2000.0,1,B4
D0223,HTOL,100,4.5,40,2000.0,1,B2
D0224,HTOL,100,4.5,40,1735.1936657106423,0,B4
D0225,HTOL,100,4.5,40,1315.2456658757178,0,B2
D0226,HTOL,100,4.5,40,2000.0,1,B3
D0227,HTOL,100,4.5,40,1850.0975755564536,0,B3
D0228,HTOL,100,4.5,40,979.4711552968108,0,B1
D0229,HTOL,100,4.5,40,1770.632303318676,0,B3
D0230,HTOL,100,4.5,40,2000.0,1,B4
D0231,HTOL,100,4.5,40,1438.3451516870396,0,B2
D0232,HTOL,100,4.5,40,2000.0,1,B4
D0233,HTOL,100,4.5,40,751.6755132790596,0,B3
D0234,HTOL,100,4.5,40,2000.0,1,B2
D0235,HTOL,100,4.5,40,2000.0,1,B3
D0236,HTOL,100,4.5,40,2000.0,1,B3
D0237,HTOL,100,4.5,40,2000.0,1,B1
D0238,HTOL,100,4.5,40,956.1409059384364,0,B1
D0239,HTOL,100,4.5,40,2000.0,1,B3
D0240,HTOL,100,4.5,40,2000.0,1,B4
D0241,HTOL,100,4.5,40,658.1961295953301,0,B3
D0242,HTOL,100,4.5,40,2000.0,1,B4
D0243,HTOL,100,4.5,40,1641.7778650160308,0,B3
D0244,HTOL,100,4.5,40,2000.0,1,B3
D0245,HTOL,100,4.5,40,2000.0,1,B4
D0246,HTOL,100,4.5,40,2000.0,1,B2
D0247,HTOL,100,4.5,40,2000.0,1,B1
D0248,HTOL,100,4.5,40,1527.8502263872922,0,B4
D0249,HTOL,100,4.5,40,2000.0,1,B2
D0250,HTOL,100,4.5,40,921.5788905007752,0,B2
D0251,HTOL,100,4.5,40,2000.0,1,B3
D0252,HTOL,100,4.5,40,2000.0,1,B1
D0253,HTOL,100,4.5,40,2000.0,1,B2
D0254,HTOL,100,4.5,40,2000.0,1,B1
D0255,HTOL,100,4.5,40,2000.0,1,B3
D0256,HTOL,100,4.5,40,2000.0,1,B4
D0257,HTOL,100,4.5,40,2000.0,1,B1
D0258,HTOL,100,4.5,40,2000.0,1,B4
D0259,HTOL,100,4.5,40,1537.1520015183366,0,B1
D0260,HTOL,100,4.5,40,2000.0,1,B4
D0261,HTOL,100,4.5,40,2000.0,1,B2
D0262,HTOL,100,4.5,40,357.3626895131046,0,B2
D0263,HTOL,100,4.5,40,1650.8868030844294,0,B2
D0264,HTOL,100,4.5,40,2000.0,1,B2
D0265,HTOL,100,4.5,40,2000.0,1,B3
D0266,HTOL,100,4.5,40,1765.009918445276,0,B3
D0267,HTOL,100,4.5,40,824.4217065062734,0,B3
D0268,HTOL,100,4.5,40,2000.0,1,B3
D0269,HTOL,100,4.5,40,2000.0,1,B3
D0270,HTOL,100,4.5,40,2000.0,1,B2
D0271,HTOL,100,4.5,40,2000.0,1,B2
D0272,HTOL,100,4.5,40,1680.0888317301597,0,B2
D0273,HTOL,100,4.5,40,2000.0,1,B1
D0274,HTOL,100,4.5,40,2000.0,1,B2
D0275,HTOL,100,4.5,40,421.69497922344016,0,B3
D0276,HTOL,100,4.5,40,586.7574280556834,0,B1
D0277,HTOL,100,4.5,40,2000.0,1,B1
D0278,HTOL,100,4.5,40,937.8056780808788,0,B3
D0279,HTOL,100,4.5,40,2000.0,1,B3
D0280,HTOL,100,4.5,40,2000.0,1,B4
D0281,HTOL,100,4.5,40,2000.0,1,B4
D0282,HTOL,100,4.5,40,2000.0,1,B4
D0283,HTOL,100,4.5,40,2000.0,1,B3
D0284,HTOL,100,4.5,40,1079.212654826135,0,B3
D0285,HTOL,100,4.5,40,2000.0,1,B3
D0286,HTOL,100,4.5,40,1819.9757971128456,0,B2
D0287,HTOL,100,4.5,40,2000.0,1,B1
D0288,HTOL,100,4.5,40,2000.0,1,B4
D0289,HTOL,100,4.5,40,920.5009110752344,0,B3
D0290,HTOL,100,4.5,40,2000.0,1,B3
D0291,HTOL,100,4.5,40,2000.0,1,B4
D0292,HTOL,100,4.5,40,712.8502823147528,0,B3
D0293,HTOL,100,4.5,40,2000.0,1,B4
D0294,HTOL,100,4.5,40,2000.0,1,B1
D0295,HTOL,100,4.5,40,2000.0,1,B1
D0296,HTOL,100,4.5,40,2000.0,1,B4
D0297,HTOL,100,4.5,40,2000.0,1,B3
D0298,HTOL,100,4.5,40,2000.0,1,B3
D0299,HTOL,100,4.5,40,2000.0,1,B1
D0300,HTOL,100,4.5,40,2000.0,1,B4
D0301,HTOL,100,4.5,40,2000.0,1,B2
D0302,HTOL,100,4.5,40,2000.0,1,B3
D0303,HTOL,100,4.5,40,2000.0,1,B3
D0304,HTOL,100,4.5,40,1551.5477661165758,0,B3
D0305,HTOL,100,4.5,40,2000.0,1,B2
D0306,HTOL,100,4.5,40,2000.0,1,B4
D0307,HTOL,100,4.5,40,2000.0,1,B3
D0308,HTOL,100,4.5,40,2000.0,1,B1
D0309,HTOL,100,4.5,40,2000.0,1,B2
D0310,HTOL,100,4.5,40,1671.1796547660583,0,B3
D0311,HTOL,100,4.5,40,2000.0,1,B1
D0312,HTOL,100,4.5,40,1551.186197507307,0,B4
D0313,HTOL,100,4.5,40,2000.0,1,B3
D0314,HTOL,100,4.5,40,2000.0,1,B2
D0315,HTOL,100,4.5,40,2000.0,1,B2
D0316,HTOL,100,4.5,40,275.2674840525386,0,B2
D0317,HTOL,100,4.5,40,2000.0,1,B2
D0318,HTOL,100,4.5,40,2000.0,1,B1
D0319,HTOL,100,4.5,40,1373.934442809508,0,B2
D0320,HTOL,100,4.5,40,707.6406558726734,0,B1
D0321,HTOL,100,4.5,40,2000.0,1,B1
D0322,HTOL,100,4.5,40,1598.8810800155431,0,B3
D0323,HTOL,100,4.5,40,2000.0,1,B2
D0324,HTOL,100,4.5,40,901.5896889218252,0,B4
D0325,HTOL,100,4.5,40,367.4898881411436,0,B4
D0326,HTOL,100,4.5,40,2000.0,1,B1
D0327,HTOL,100,4.5,40,899.7772605640192,0,B4
D0328,HTOL,100,4.5,40,2000.0,1,B3
D0329,HTOL,100,4.5,40,2000.0,1,B1
D0330,HTOL,100,4.5,40,670.8231418171417,0,B4
D0331,HTOL,100,4.5,40,2000.0,1,B3
D0332,HTOL,100,4.5,40,1759.928153622806,0,B3
D0333,HTOL,100,4.5,40,2000.0,1,B3
D0334,HTOL,100,4.5,40,1875.3526017076265,0,B3
D0335,HTOL,100,4.5,40,1041.023512853064,0,B1
D0336,HTOL,100,4.5,40,2000.0,1,B3
D0337,HTOL,100,4.5,40,1326.3659345362898,0,B2
D0338,HTOL,100,4.5,40,2000.0,1,B1
D0339,HTOL,100,4.5,40,2000.0,1,B1
D0340,HTOL,100,4.5,40,2000.0,1,B4
D0341,HTOL,100,4.5,40,2000.0,1,B4
D0342,HTOL,100,4.5,40,2000.0,1,B3
D0343,HTOL,100,4.5,40,2000.0,1,B1
D0344,HTOL,100,4.5,40,1582.6669820886132,0,B2
D0345,HTOL,100,4.5,40,2000.0,1,B4
D0346,HTOL,100,4.5,40,2000.0,1,B1
D0347,HTOL,100,4.5,40,2000.0,1,B2
D0348,HTOL,100,4.5,40,2000.0,1,B2
D0349,HTOL,100,4.5,40,2000.0,1,B1
D0350,HTOL,100,4.5,40,2000.0,1,B4
D0351,HTOL,100,4.5,40,2000.0,1,B1
D0352,HTOL,100,4.5,40,909.8106928348612,0,B3
D0353,HTOL,100,4.5,40,2000.0,1,B1
D0354,HTOL,100,4.5,40,2000.0,1,B4
D0355,HTOL,100,4.5,40,2000.0,1,B2
D0356,HTOL,100,4.5,40,2000.0,1,B1
D0357,HTOL,100,4.5,40,2000.0,1,B3
D0358,HTOL,100,4.5,40,2000.0,1,B1
D0359,HTOL,100,4.5,40,2000.0,1,B1
D0360,HTOL,100,4.5,40,2000.0,1,B2
D0361,HTOL,100,4.5,40,1973.113886048029,0,B1
D0362,HTOL,100,4.5,40,2000.0,1,B3
D0363,HTOL,100,4.5,40,1684.234407174942,0,B4
D0364,HTOL,100,4.5,40,1551.982271853038,0,B2
D0365,HTOL,100,4.5,40,2000.0,1,B3
D0366,HTOL,100,4.5,40,1668.894200538327,0,B3
D0367,HTOL,100,4.5,40,2000.0,1,B1
D0368,HTOL,100,4.5,40,523.4705888213872,0,B3
D0369,HTOL,100,4.5,40,1104.295520536981,0,B1
D0370,HTOL,100,4.5,40,1685.570699743923,0,B1
D0371,HTOL,100,4.5,40,1708.5744421432385,0,B1
D0372,HTOL,100,4.5,40,2000.0,1,B2
D0373,HTOL,100,4.5,40,2000.0,1,B4
D0374,HTOL,100,4.5,40,1668.2592270377463,0,B1
D0375,HTOL,100,4.5,40,620.0818901967745,0,B1
D0376,HTOL,100,4.5,40,2000.0,1,B4
D0377,HTOL,100,4.5,40,1354.9018439942151,0,B2
D0378,HTOL,100,4.5,40,1730.078942230701,0,B3
D0379,HTOL,100,4.5,40,2000.0,1,B1
D0380,HTOL,100,4.5,40,2000.0,1,B2
D0381,HTOL,100,4.5,40,1472.9301947931672,0,B3
D0382,HTOL,100,4.5,40,2000.0,1,B2
D0383,HTOL,100,4.5,40,2000.0,1,B3
D0384,HTOL,100,4.5,40,1576.5914153336394,0,B4
D0385,HTOL,100,4.5,40,2000.0,1,B4
D0386,HTOL,100,4.5,40,2000.0,1,B4
D0387,HTOL,100,4.5,40,2000.0,1,B3
D0388,HTOL,100,4.5,40,1326.5904657564463,0,B2
D0389,HTOL,100,4.5,40,1859.1600922124303,0,B4
D0390,HTOL,100,4.5,40,2000.0,1,B3
D0391,HTOL,100,4.5,40,2000.0,1,B2
D0392,HTOL,100,4.5,40,1136.4502399421494,0,B1
D0393,HTOL,100,4.5,40,2000.0,1,B1
D0394,HTOL,100,4.5,40,2000.0,1,B4
D0395,HTOL,100,4.5,40,2000.0,1,B2
D0396,HTOL,100,4.5,40,2000.0,1,B2
D0397,HTOL,100,4.5,40,2000.0,1,B2
D0398,HTOL,100,4.5,40,1788.9199027003854,0,B3
D0399,HTOL,100,4.5,40,2000.0,1,B1
D0400,HTOL,100,4.5,40,1887.720455170908,0,B4
D0401,HTOL,100,5.0,40,2000.0,1,B2
D0402,HTOL,100,5.0,40,1453.2692059193596,0,B3
D0403,HTOL,100,5.0,40,2000.0,1,B3
D0404,HTOL,100,5.0,40,2000.0,1,B3
D0405,HTOL,100,5.0,40,2000.0,1,B4
D0406,HTOL,100,5.0,40,2000.0,1,B1
D0407,HTOL,100,5.0,40,2000.0,1,B1
D0408,HTOL,100,5.0,40,1860.844593384204,0,B3
D0409,HTOL,100,5.0,40,2000.0,1,B4
D0410,HTOL,100,5.0,40,617.8334492661947,0,B3
D0411,HTOL,100,5.0,40,2000.0,1,B3
D0412,HTOL,100,5.0,40,1835.6596423352169,0,B2
D0413,HTOL,100,5.0,40,938.1303908796276,0,B3
D0414,HTOL,100,5.0,40,2000.0,1,B3
D0415,HTOL,100,5.0,40,2000.0,1,B2
D0416,HTOL,100,5.0,40,2000.0,1,B4
D0417,HTOL,100,5.0,40,1152.2901508799469,0,B4
D0418,HTOL,100,5.0,40,402.8710305582799,0,B2
D0419,HTOL,100,5.0,40,2000.0,1,B4
D0420,HTOL,100,5.0,40,1203.0450036197565,0,B4
D0421,HTOL,100,5.0,40,1534.6706258016886,0,B4
D0422,HTOL,100,5.0,40,2000.0,1,B2
D0423,HTOL,100,5.0,40,658.3733274320826,0,B3
D0424,HTOL,100,5.0,40,2000.0,1,B2
D0425,HTOL,100,5.0,40,1042.9801050223302,0,B3
D0426,HTOL,100,5.0,40,2000.0,1,B2
D0427,HTOL,100,5.0,40,1725.3744610632702,0,B2
D0428,HTOL,100,5.0,40,1830.209652042508,0,B2
D0429,HTOL,100,5.0,40,2000.0,1,B2
D0430,HTOL,100,5.0,40,2000.0,1,B4
D0431,HTOL,100,5.0,40,2000.0,1,B1
D0432,HTOL,100,5.0,40,2000.0,1,B4
D0433,HTOL,100,5.0,40,2000.0,1,B3
D0434,HTOL,100,5.0,40,2000.0,1,B2
D0435,HTOL,100,5.0,40,2000.0,1,B4
D0436,HTOL,100,5.0,40,1887.6729991450768,0,B4
D0437,HTOL,100,5.0,40,2000.0,1,B1
D0438,HTOL,100,5.0,40,2000.0,1,B1
D0439,HTOL,100,5.0,40,1301.9920260700646,0,B1
D0440,HTOL,100,5.0,40,796.8270995079627,0,B1
D0441,HTOL,100,5.0,40,2000.0,1,B2
D0442,HTOL,100,5.0,40,2000.0,1,B2
D0443,HTOL,100,5.0,40,2000.0,1,B1
D0444,HTOL,100,5.0,40,586.002353617439,0,B4
D0445,HTOL,100,5.0,40,2000.0,1,B2
D0446,HTOL,100,5.0,40,1316.5533365195506,0,B3
D0447,HTOL,100,5.0,40,1167.177847033774,0,B2
D0448,HTOL,100,5.0,40,2000.0,1,B4
D0449,HTOL,100,5.0,40,1657.767833105425,0,B1
D0450,HTOL,100,5.0,40,2000.0,1,B2
D0451,HTOL,100,5.0,40,2000.0,1,B4
D0452,HTOL,100,5.0,40,790.7401536280427,0,B3
D0453,HTOL,100,5.0,40,596.1843341841793,0,B4
D0454,HTOL,100,5.0,40,1722.3275185318223,0,B1
D0455,HTOL,100,5.0,40,352.53952590015496,0,B3
D0456,HTOL,100,5.0,40,2000.0,1,B1
D0457,HTOL,100,5.0,40,1032.0785534368606,0,B4
D0458,HTOL,100,5.0,40,2000.0,1,B2
D0459,HTOL,100,5.0,40,1560.3705692371666,0,B3
D0460,HTOL,100,5.0,40,1250.5294842790386,0,B3
D0461,HTOL,100,5.0,40,932.5082636668864,0,B2
D0462,HTOL,100,5.0,40,1210.9861144127149,0,B4
D0463,HTOL,100,5.0,40,1926.316084673576,0,B3
D0464,HTOL,100,5.0,40,1539.909307142692,0,B3
D0465,HTOL,100,5.0,40,2000.0,1,B4
D0466,HTOL,100,5.0,40,2000.0,1,B4
D0467,HTOL,100,5.0,40,879.7151244396075,0,B2
D0468,HTOL,100,5.0,40,2000.0,1,B2
D0469,HTOL,100,5.0,40,821.1148542126425,0,B3
D0470,HTOL,100,5.0,40,1986.19539855203,0,B2
D0471,HTOL,100,5.0,40,2000.0,1,B2
D0472,HTOL,100,5.0,40,2000.0,1,B2
D0473,HTOL,100,5.0,40,1705.7898130890908,0,B4
D0474,HTOL,100,5.0,40,2000.0,1,B1
D0475,HTOL,100,5.0,40,721.5768136498403,0,B3
D0476,HTOL,100,5.0,40,1832.060384234741,0,B4
D0477,HTOL,100,5.0,40,2000.0,1,B1
D0478,HTOL,100,5.0,40,1619.753457454001,0,B1
D0479,HTOL,100,5.0,40,1505.8476312384832,0,B3
D0480,HTOL,100,5.0,40,2000.0,1,B4
D0481,HTOL,100,5.0,40,2000.0,1,B2
D0482,HTOL,100,5.0,40,2000.0,1,B3
D0483,HTOL,100,5.0,40,2000.0,1,B3
D0484,HTOL,100,5.0,40,1687.3695723058072,0,B4
D0485,HTOL,100,5.0,40,1844.509739036422,0,B3
D0486,HTOL,100,5.0,40,2000.0,1,B3
D0487,HTOL,100,5.0,40,2000.0,1,B1
D0488,HTOL,100,5.0,40,2000.0,1,B4
D0489,HTOL,100,5.0,40,1782.3128470760116,0,B4
D0490,HTOL,100,5.0,40,2000.0,1,B2
D0491,HTOL,100,5.0,40,2000.0,1,B2
D0492,HTOL,100,5.0,40,2000.0,1,B1
D0493,HTOL,100,5.0,40,2000.0,1,B4
D0494,HTOL,100,5.0,40,2000.0,1,B3
D0495,HTOL,100,5.0,40,1790.235306737408,0,B3
D0496,HTOL,100,5.0,40,1528.3641092824116,0,B3
D0497,HTOL,100,5.0,40,2000.0,1,B4
D0498,HTOL,100,5.0,40,2000.0,1,B4
D0499,HTOL,100,5.0,40,1892.9592548068392,0,B1
D0500,HTOL,100,5.0,40,2000.0,1,B1
D0501,HTOL,100,5.0,40,655.9061430372427,0,B1
D0502,HTOL,100,5.0,40,2000.0,1,B1
D0503,HTOL,100,5.0,40,1831.3697033256565,0,B1
D0504,HTOL,100,5.0,40,1984.423192855029,0,B3
D0505,HTOL,100,5.0,40,2000.0,1,B2
D0506,HTOL,100,5.0,40,1676.8428501776211,0,B3
D0507,HTOL,100,5.0,40,1187.5813900430585,0,B3
D0508,HTOL,100,5.0,40,2000.0,1,B2
D0509,HTOL,100,5.0,40,2000.0,1,B2
D0510,HTOL,100,5.0,40,2000.0,1,B1
D0511,HTOL,100,5.0,40,2000.0,1,B3
D0512,HTOL,100,5.0,40,2000.0,1,B4
D0513,HTOL,100,5.0,40,2000.0,1,B3
D0514,HTOL,100,5.0,40,2000.0,1,B2
D0515,HTOL,100,5.0,40,1771.6891466033562,0,B1
D0516,HTOL,100,5.0,40,2000.0,1,B4
D0517,HTOL,100,5.0,40,2000.0,1,B2
D0518,HTOL,100,5.0,40,1657.9464477825186,0,B1
D0519,HTOL,100,5.0,40,2000.0,1,B3
D0520,HTOL,100,5.0,40,2000.0,1,B4
D0521,HTOL,100,5.0,40,2000.0,1,B1
D0522,HTOL,100,5.0,40,2000.0,1,B1
D0523,HTOL,100,5.0,40,2000.0,1,B2
D0524,HTOL,100,5.0,40,2000.0,1,B4
D0525,HTOL,100,5.0,40,439.6988551254692,0,B4
D0526,HTOL,100,5.0,40,1382.7563298883629,0,B3
D0527,HTOL,100,5.0,40,1845.111804719607,0,B3
D0528,HTOL,100,5.0,40,2000.0,1,B1
D0529,HTOL,100,5.0,40,1257.3141089915111,0,B3
D0530,HTOL,100,5.0,40,1113.9477383640276,0,B2
D0531,HTOL,100,5.0,40,1370.2922239108066,0,B1
D0532,HTOL,100,5.0,40,2000.0,1,B2
D0533,HTOL,100,5.0,40,2000.0,1,B1
D0534,HTOL,100,5.0,40,2000.0,1,B2
D0535,HTOL,100,5.0,40,2000.0,1,B2
D0536,HTOL,100,5.0,40,2000.0,1,B3
D0537,HTOL,100,5.0,40,2000.0,1,B1
D0538,HTOL,100,5.0,40,2000.0,1,B1
D0539,HTOL,100,5.0,40,2000.0,1,B1
D0540,HTOL,100,5.0,40,2000.0,1,B4
D0541,HTOL,100,5.0,40,1324.2640371895693,0,B1
D0542,HTOL,100,5.0,40,1770.1203353177077,0,B3
D0543,HTOL,100,5.0,40,1980.53112791064,0,B4
D0544,HTOL,100,5.0,40,2000.0,1,B3
D0545,HTOL,100,5.0,40,988.0357960602616,0,B1
D0546,HTOL,100,5.0,40,652.9795451112795,0,B2
D0547,HTOL,100,5.0,40,2000.0,1,B1
D0548,HTOL,100,5.0,40,2000.0,1,B2
D0549,HTOL,100,5.0,40,2000.0,1,B4
D0550,HTOL,100,5.0,40,2000.0,1,B3
D0551,HTOL,100,5.0,40,763.3205580742584,0,B2
D0552,HTOL,100,5.0,40,1506.8343078324338,0,B1
D0553,HTOL,100,5.0,40,1344.347786464708,0,B1
D0554,HTOL,100,5.0,40,838.886895043592,0,B2
D0555,HTOL,100,5.0,40,1369.259895282035,0,B2
D0556,HTOL,100,5.0,40,2000.0,1,B2
D0557,HTOL,100,5.0,40,879.9311601690267,0,B4
D0558,HTOL,100,5.0,40,2000.0,1,B4
D0559,HTOL,100,5.0,40,2000.0,1,B1
D0560,HTOL,100,5.0,40,2000.0,1,B4
D0561,HTOL,100,5.0,40,622.1156618295381,0,B4
D0562,HTOL,100,5.0,40,2000.0,1,B4
D0563,HTOL,100,5.0,40,1957.515292649248,0,B3
D0564,HTOL,100,5.0,40,1785.764043184968,0,B1
D0565,HTOL,100,5.0,40,1053.2042972973825,0,B4
D0566,HTOL,100,5.0,40,2000.0,1,B1
D0567,HTOL,100,5.0,40,2000.0,1,B1
D0568,HTOL,100,5.0,40,2000.0,1,B3
D0569,HTOL,100,5.0,40,2000.0,1,B1
D0570,HTOL,100,5.0,40,1110.923715587845,0,B3
D0571,HTOL,100,5.0,40,1888.6688891641047,0,B1
D0572,HTOL,100,5.0,40,2000.0,1,B1
D0573,HTOL,100,5.0,40,921.6259535630658,0,B2
D0574,HTOL,100,5.0,40,1999.637402826408,0,B1
D0575,HTOL,100,5.0,40,604.5481655270527,0,B2
D0576,HTOL,100,5.0,40,2000.0,1,B4
D0577,HTOL,100,5.0,40,1996.244844450041,0,B2
D0578,HTOL,100,5.0,40,1412.9984002179297,0,B2
D0579,HTOL,100,5.0,40,2000.0,1,B3
D0580,HTOL,100,5.0,40,2000.0,1,B3
D0581,HTOL,100,5.0,40,202.6666242399984,0,B2
D0582,HTOL,100,5.0,40,1415.149311169224,0,B1
D0583,HTOL,100,5.0,40,758.3664526658794,0,B3
D0584,HTOL,100,5.0,40,2000.0,1,B2
D0585,HTOL,100,5.0,40,2000.0,1,B1
D0586,HTOL,100,5.0,40,2000.0,1,B2
D0587,HTOL,100,5.0,40,660.89290291978,0,B2
D0588,HTOL,100,5.0,40,1832.4433502599047,0,B1
D0589,HTOL,100,5.0,40,2000.0,1,B1
D0590,HTOL,100,5.0,40,2000.0,1,B4
D0591,HTOL,100,5.0,40,2000.0,1,B3
D0592,HTOL,100,5.0,40,2000.0,1,B4
D0593,HTOL,100,5.0,40,2000.0,1,B1
D0594,HTOL,100,5.0,40,1942.330930273445,0,B1
D0595,HTOL,100,5.0,40,1505.4449881028577,0,B1
D0596,HTOL,100,5.0,40,728.6612995552354,0,B1
D0597,HTOL,100,5.0,40,806.4857615185819,0,B4
D0598,HTOL,100,5.0,40,2000.0,1,B2
D0599,HTOL,100,5.0,40,2000.0,1,B4
D0600,HTOL,100,5.0,40,2000.0,1,B4
D0601,HTOL,125,4.0,40,1783.7121493417112,0,B1
D0602,HTOL,125,4.0,40,690.2309808603995,0,B4
D0603,HTOL,125,4.0,40,601.4069096056264,0,B1
D0604,HTOL,125,4.0,40,980.360160687246,0,B3
D0605,HTOL,125,4.0,40,919.813917123828,0,B1
D0606,HTOL,125,4.0,40,1409.6114293530034,0,B1
D0607,HTOL,125,4.0,40,1772.9742028925998,0,B2
D0608,HTOL,125,4.0,40,562.5289644749155,0,B1
D0609,HTOL,125,4.0,40,873.4112643499245,0,B2
D0610,HTOL,125,4.0,40,1303.6834210350485,0,B1
D0611,HTOL,125,4.0,40,684.7559827505214,0,B2
D0612,HTOL,125,4.0,40,459.2861924256581,0,B2
D0613,HTOL,125,4.0,40,1282.8800118082395,0,B1
D0614,HTOL,125,4.0,40,1136.7067163702338,0,B3
D0615,HTOL,125,4.0,40,1204.8914278555324,0,B1
D0616,HTOL,125,4.0,40,1529.1045082329194,0,B2
D0617,HTOL,125,4.0,40,1062.9188655306548,0,B1
D0618,HTOL,125,4.0,40,827.2841631434042,0,B4
D0619,HTOL,125,4.0,40,870.1932508153513,0,B2
D0620,HTOL,125,4.0,40,1099.518740399974,0,B3
D0621,HTOL,125,4.0,40,2000.0,1,B4
D0622,HTOL,125,4.0,40,425.6426675051723,0,B3
D0623,HTOL,125,4.0,40,665.40283932768,0,B3
D0624,HTOL,125,4.0,40,1021.3193647943268,0,B3
D0625,HTOL,125,4.0,40,1631.3185168704103,0,B2
D0626,HTOL,125,4.0,40,1513.5181635243353,0,B2
D0627,HTOL,125,4.0,40,760.4259493483573,0,B3
D0628,HTOL,125,4.0,40,1185.9488000525073,0,B3
D0629,HTOL,125,4.0,40,1947.743619229903,0,B1
D0630,HTOL,125,4.0,40,1397.6856927731503,0,B1
D0631,HTOL,125,4.0,40,329.56587435287435,0,B3
D0632,HTOL,125,4.0,40,1983.6684911336267,0,B2
D0633,HTOL,125,4.0,40,2000.0,1,B2
D0634,HTOL,125,4.0,40,1130.2260432008536,0,B3
D0635,HTOL,125,4.0,40,1621.6391020378856,0,B3
D0636,HTOL,125,4.0,40,953.7028448354891,0,B2
D0637,HTOL,125,4.0,40,884.1604699476952,0,B4
D0638,HTOL,125,4.0,40,1438.6289458308695,0,B4
D0639,HTOL,125,4.0,40,2000.0,1,B3
D0640,HTOL,125,4.0,40,750.0749941730394,0,B1
D0641,HTOL,125,4.0,40,710.2810967406598,0,B2
D0642,HTOL,125,4.0,40,726.3476582334292,0,B1
D0643,HTOL,125,4.0,40,789.151104443593,0,B4
D0644,HTOL,125,4.0,40,1001.63605683856,0,B4
D0645,HTOL,125,4.0,40,383.6791834993681,0,B4
D0646,HTOL,125,4.0,40,1439.926742454521,0,B1
D0647,HTOL,125,4.0,40,787.2406571180369,0,B3
D0648,HTOL,125,4.0,40,424.1676189888822,0,B2
D0649,HTOL,125,4.0,40,2000.0,1,B4
D0650,HTOL,125,4.0,40,854.8519494504103,0,B4
D0651,HTOL,125,4.0,40,703.3812072619354,0,B1
D0652,HTOL,125,4.0,40,973.7727859788964,0,B1
D0653,HTOL,125,4.0,40,158.61636987508186,0,B3
D0654,HTOL,125,4.0,40,1495.763880363411,0,B4
D0655,HTOL,125,4.0,40,782.5687845725585,0,B3
D0656,HTOL,125,4.0,40,165.96914190221452,0,B2
D0657,HTOL,125,4.0,40,631.1067421219419,0,B2
D0658,HTOL,125,4.0,40,834.5952858887772,0,B3
D0659,HTOL,125,4.0,40,586.4899305077349,0,B1
D0660,HTOL,125,4.0,40,1600.1162402858397,0,B2
D0661,HTOL,125,4.0,40,886.448380069706,0,B4
D0662,HTOL,125,4.0,40,1127.5234856254451,0,B2
D0663,HTOL,125,4.0,40,719.7743270481026,0,B2
D0664,HTOL,125,4.0,40,891.6412854155616,0,B4
D0665,HTOL,125,4.0,40,662.0660628347566,0,B2
D0666,HTOL,125,4.0,40,893.0755229774827,0,B2
D0667,HTOL,125,4.0,40,238.83722232730327,0,B3
D0668,HTOL,125,4.0,40,670.0192994749804,0,B4
D0669,HTOL,125,4.0,40,340.03207542916,0,B4
D0670,HTOL,125,4.0,40,766.3851783503027,0,B2
D0671,HTOL,125,4.0,40,1135.7206374673783,0,B1
D0672,HTOL,125,4.0,40,615.0285737828785,0,B3
D0673,HTOL,125,4.0,40,452.4292986954247,0,B1
D0674,HTOL,125,4.0,40,2000.0,1,B2
D0675,HTOL,125,4.0,40,681.2108400847659,0,B2
D0676,HTOL,125,4.0,40,2000.0,1,B4
D0677,HTOL,125,4.0,40,971.7918830144088,0,B1
D0678,HTOL,125,4.0,40,1009.2395575678252,0,B3
D0679,HTOL,125,4.0,40,918.1282747327292,0,B2
D0680,HTOL,125,4.0,40,462.6990589999767,0,B3
D0681,HTOL,125,4.0,40,1283.051671686674,0,B3
D0682,HTOL,125,4.0,40,1343.2631262484706,0,B2
D0683,HTOL,125,4.0,40,498.86648365713984,0,B1
D0684,HTOL,125,4.0,40,2000.0,1,B2
D0685,HTOL,125,4.0,40,1713.1249058320925,0,B2
D0686,HTOL,125,4.0,40,1855.2351393890904,0,B4
D0687,HTOL,125,4.0,40,1884.516972657328,0,B1
D0688,HTOL,125,4.0,40,458.0245696955728,0,B4
D0689,HTOL,125,4.0,40,2000.0,1,B4
D0690,HTOL,125,4.0,40,1184.2877389344462,0,B4
D0691,HTOL,125,4.0,40,618.417229665626,0,B4
D0692,HTOL,125,4.0,40,810.829633728517,0,B4
D0693,HTOL,125,4.0,40,594.6956088893578,0,B2
D0694,HTOL,125,4.0,40,1978.725576162507,0,B4
D0695,HTOL,125,4.0,40,531.6319755549218,0,B3
D0696,HTOL,125,4.0,40,1020.2677534442132,0,B1
D0697,HTOL,125,4.0,40,592.7584670314781,0,B2
D0698,HTOL,125,4.0,40,632.2710391099498,0,B1
D0699,HTOL,125,4.0,40,885.3691819582265,0,B3
D0700,HTOL,125,4.0,40,460.3412941642737,0,B3
D0701,HTOL,125,4.0,40,676.6486960770076,0,B4
D0702,HTOL,125,4.0,40,1606.0497707662291,0,B2
D0703,HTOL,125,4.0,40,679.9551535292803,0,B3
D0704,HTOL,125,4.0,40,1183.872844367534,0,B3
D0705,HTOL,125,4.0,40,1492.901211701428,0,B3
D0706,HTOL,125,4.0,40,1693.8333595985164,0,B2
D0707,HTOL,125,4.0,40,804.693891150857,0,B2
D0708,HTOL,125,4.0,40,1742.5300837669397,0,B4
D0709,HTOL,125,4.0,40,1802.975432665078,0,B3
D0710,HTOL,125,4.0,40,1042.8434671900366,0,B1
D0711,HTOL,125,4.0,40,844.0828228186026,0,B4
D0712,HTOL,125,4.0,40,2000.0,1,B2
D0713,HTOL,125,4.0,40,1144.7337195367013,0,B1
D0714,HTOL,125,4.0,40,1505.088020514174,0,B3
D0715,HTOL,125,4.0,40,1142.6954257290813,0,B3
D0716,HTOL,125,4.0,40,898.7485376614771,0,B1
D0717,HTOL,125,4.0,40,1193.859207838697,0,B1
D0718,HTOL,125,4.0,40,940.5997249588056,0,B2
D0719,HTOL,125,4.0,40,744.6814047328337,0,B1
D0720,HTOL,125,4.0,40,1067.665102660923,0,B2
D0721,HTOL,125,4.0,40,1079.779966614748,0,B2
D0722,HTOL,125,4.0,40,1019.7335809990292,0,B1
D0723,HTOL,125,4.0,40,804.9047021293071,0,B1
D0724,HTOL,125,4.0,40,1210.6326455792491,0,B3
D0725,HTOL,125,4.0,40,1358.1934103976828,0,B1
D0726,HTOL,125,4.0,40,253.50116160618492,0,B1
D0727,HTOL,125,4.0,40,1545.4665194966894,0,B2
D0728,HTOL,125,4.0,40,1014.1535667388328,0,B3
D0729,HTOL,125,4.0,40,1155.8378654383455,0,B3
D0730,HTOL,125,4.0,40,1653.5014499935653,0,B2
D0731,HTOL,125,4.0,40,617.9290391442181,0,B3
D0732,HTOL,125,4.0,40,1046.2102244629689,0,B2
D0733,HTOL,125,4.0,40,1420.6961169288672,0,B1
D0734,HTOL,125,4.0,40,1047.7577829578706,0,B1
D0735,HTOL,125,4.0,40,2000.0,1,B1
D0736,HTOL,125,4.0,40,451.37576213131945,0,B2
D0737,HTOL,125,4.0,40,136.21069007375408,0,B3
D0738,HTOL,125,4.0,40,2000.0,1,B4
D0739,HTOL,125,4.0,40,1002.585993552151,0,B4
D0740,HTOL,125,4.0,40,1268.9623993851212,0,B2
D0741,HTOL,125,4.0,40,1288.7919016387154,0,B1
D0742,HTOL,125,4.0,40,847.6563047008588,0,B2
D0743,HTOL,125,4.0,40,1218.8326136720968,0,B3
D0744,HTOL,125,4.0,40,1471.8199771767606,0,B1
D0745,HTOL,125,4.0,40,1544.1716661744256,0,B3
D0746,HTOL,125,4.0,40,1065.9540751474422,0,B2
D0747,HTOL,125,4.0,40,1325.6287316658363,0,B1
D0748,HTOL,125,4.0,40,2000.0,1,B4
D0749,HTOL,125,4.0,40,1111.6956508695814,0,B3
D0750,HTOL,125,4.0,40,1134.6259207743087,0,B1
D0751,HTOL,125,4.0,40,749.6344372086916,0,B3
D0752,HTOL,125,4.0,40,1463.4986933571622,0,B2
D0753,HTOL,125,4.0,40,2000.0,1,B4
D0754,HTOL,125,4.0,40,261.40724937924244,0,B4
D0755,HTOL,125,4.0,40,1795.882251667856,0,B4
D0756,HTOL,125,4.0,40,424.2099608859746,0,B2
D0757,HTOL,125,4.0,40,992.7405513860244,0,B3
D0758,HTOL,125,4.0,40,502.5381734544743,0,B1
D0759,HTOL,125,4.0,40,279.74056129600365,0,B1
D0760,HTOL,125,4.0,40,1172.9513539534007,0,B3
D0761,HTOL,125,4.0,40,1194.085252731704,0,B4
D0762,HTOL,125,4.0,40,853.437548646912,0,B3
D0763,HTOL,125,4.0,40,1043.035622961757,0,B2
D0764,HTOL,125,4.0,40,752.6178446304083,0,B4
D0765,HTOL,125,4.0,40,1378.2236397949237,0,B2
D0766,HTOL,125,4.0,40,621.1246898789497,0,B4
D0767,HTOL,125,4.0,40,563.6189841710875,0,B2
D0768,HTOL,125,4.0,40,1999.898297482725,0,B4
D0769,HTOL,125,4.0,40,672.500758682054,0,B1
D0770,HTOL,125,4.0,40,1270.0091777968355,0,B3
D0771,HTOL,125,4.0,40,2000.0,1,B2
D0772,HTOL,125,4.0,40,355.22357888267527,0,B1
D0773,HTOL,125,4.0,40,1306.824949222619,0,B4
D0774,HTOL,125,4.0,40,828.9825884072739,0,B2
D0775,HTOL,125,4.0,40,1323.8072435035035,0,B1
D0776,HTOL,125,4.0,40,430.0309810439475,0,B1
D0777,HTOL,125,4.0,40,2000.0,1,B4
D0778,HTOL,125,4.0,40,1413.237660639738,0,B3
D0779,HTOL,125,4.0,40,2000.0,1,B4
D0780,HTOL,125,4.0,40,710.6688368506734,0,B3
D0781,HTOL,125,4.0,40,1711.329227764346,0,B3
D0782,HTOL,125,4.0,40,804.8528344879774,0,B4
D0783,HTOL,125,4.0,40,387.8385822135797,0,B1
D0784,HTOL,125,4.0,40,992.6871960476232,0,B1
D0785,HTOL,125,4.0,40,941.6640705816048,0,B3
D0786,HTOL,125,4.0,40,752.3252269280116,0,B2
D0787,HTOL,125,4.0,40,2000.0,1,B2
D0788,HTOL,125,4.0,40,2000.0,1,B4
D0789,HTOL,125,4.0,40,1055.1624558780222,0,B4
D0790,HTOL,125,4.0,40,1244.1711547272578,0,B4
D0791,HTOL,125,4.0,40,1446.2090771770895,0,B1
D0792,HTOL,125,4.0,40,844.2617847550946,0,B4
D0793,HTOL,125,4.0,40,639.8218209857922,0,B3
D0794,HTOL,125,4.0,40,1382.5313626535028,0,B2
D0795,HTOL,125,4.0,40,767.8281418987037,0,B2
D0796,HTOL,125,4.0,40,1478.140506293164,0,B4
D0797,HTOL,125,4.0,40,1404.9987818728775,0,B3
D0798,HTOL,125,4.0,40,715.53125399805,0,B1
D0799,HTOL,125,4.0,40,1359.591424458861,0,B4
D0800,HTOL,125,4.0,40,532.781251479248,0,B3
D0801,HTOL,125,4.5,40,1169.6085178429978,0,B2
D0802,HTOL,125,4.5,40,1123.665374587753,0,B2
D0803,HTOL,125,4.5,40,963.1845393160004,0,B4
D0804,HTOL,125,4.5,40,1230.7592820801742,0,B4
D0805,HTOL,125,4.5,40,981.6172347427238,0,B1
D0806,HTOL,125,4.5,40,1506.653637193731,0,B3
D0807,HTOL,125,4.5,40,1125.0313265994862,0,B1
D0808,HTOL,125,4.5,40,717.5507357776249,0,B1
D0809,HTOL,125,4.5,40,160.50408342669942,0,B3
D0810,HTOL,125,4.5,40,2000.0,1,B1
D0811,HTOL,125,4.5,40,1597.540337588075,0,B2
D0812,HTOL,125,4.5,40,1222.1042211313609,0,B3
D0813,HTOL,125,4.5,40,1149.6871102703692,0,B3
D0814,HTOL,125,4.5,40,769.5674751356999,0,B2
D0815,HTOL,125,4.5,40,416.20434807391007,0,B4
D0816,HTOL,125,4.5,40,1558.9851954088888,0,B1
D0817,HTOL,125,4.5,40,845.3813843241061,0,B3
D0818,HTOL,125,4.5,40,793.5561201670866,0,B3
D0819,HTOL,125,4.5,40,434.46053774646606,0,B3
D0820,HTOL,125,4.5,40,1133.7309600188469,0,B2
D0821,HTOL,125,4.5,40,1526.1153553575405,0,B4
D0822,HTOL,125,4.5,40,949.0582904116372,0,B3
D0823,HTOL,125,4.5,40,1412.1299650858268,0,B1
D0824,HTOL,125,4.5,40,499.4316382754371,0,B4
D0825,HTOL,125,4.5,40,582.7890328077245,0,B4
D0826,HTOL,125,4.5,40,569.2824705462963,0,B4
D0827,HTOL,125,4.5,40,151.12365546378598,0,B4
D0828,HTOL,125,4.5,40,693.5205142438348,0,B2
D0829,HTOL,125,4.5,40,793.1561212034326,0,B3
D0830,HTOL,125,4.5,40,1197.5240425538896,0,B3
D0831,HTOL,125,4.5,40,1452.7411926146797,0,B2
D0832,HTOL,125,4.5,40,1546.8241432093755,0,B3
D0833,HTOL,125,4.5,40,898.7732528697836,0,B4
D0834,HTOL,125,4.5,40,2000.0,1,B2
D0835,HTOL,125,4.5,40,846.9108535594712,0,B1
D0836,HTOL,125,4.5,40,1349.4462594249794,0,B2
D0837,HTOL,125,4.5,40,2000.0,1,B4
D0838,HTOL,125,4.5,40,1199.042756069119,0,B1
D0839,HTOL,125,4.5,40,876.2227430218583,0,B3
D0840,HTOL,125,4.5,40,427.8204474652634,0,B2
D0841,HTOL,125,4.5,40,661.0062141924084,0,B3
D0842,HTOL,125,4.5,40,1220.8755251855275,0,B3
D0843,HTOL,125,4.5,40,1737.4043031052531,0,B1
D0844,HTOL,125,4.5,40,2000.0,1,B3
D0845,HTOL,125,4.5,40,1034.4521734824682,0,B2
D0846,HTOL,125,4.5,40,741.925745405478,0,B4
D0847,HTOL,125,4.5,40,390.9871698887568,0,B1
D0848,HTOL,125,4.5,40,1953.7430557179016,0,B2
D0849,HTOL,125,4.5,40,1185.683582345875,0,B4
D0850,HTOL,125,4.5,40,1244.451923200976,0,B2
D0851,HTOL,125,4.5,40,1489.1013001543454,0,B1
D0852,HTOL,125,4.5,40,365.2053458073148,0,B1
D0853,HTOL,125,4.5,40,383.5501060550977,0,B1
D0854,HTOL,125,4.5,40,689.4828692024959,0,B2
D0855,HTOL,125,4.5,40,941.7202473847112,0,B2
D0856,HTOL,125,4.5,40,1277.177250524108,0,B3
D0857,HTOL,125,4.5,40,1052.1906866846653,0,B1
D0858,HTOL,125,4.5,40,627.9140772513869,0,B2
D0859,HTOL,125,4.5,40,1280.0780848185211,0,B4
D0860,HTOL,125,4.5,40,1773.385738296122,0,B1
D0861,HTOL,125,4.5,40,1066.885245838764,0,B2
D0862,HTOL,125,4.5,40,2000.0,1,B2
D0863,HTOL,125,4.5,40,1783.4079573333609,0,B4
D0864,HTOL,125,4.5,40,1419.546947626068,0,B2
D0865,HTOL,125,4.5,40,225.6342579523485,0,B4
D0866,HTOL,125,4.5,40,1052.2622291291425,0,B4
D0867,HTOL,125,4.5,40,823.7253140738469,0,B1
D0868,HTOL,125,4.5,40,843.0600250714538,0,B1
D0869,HTOL,125,4.5,40,1543.2013376100344,0,B1
D0870,HTOL,125,4.5,40,1077.8824785925235,0,B2
D0871,HTOL,125,4.5,40,369.043597949389,0,B3
D0872,HTOL,125,4.5,40,1333.9833445534862,0,B1
D0873,HTOL,125,4.5,40,220.22840602667355,0,B1
D0874,HTOL,125,4.5,40,2000.0,1,B2
D0875,HTOL,125,4.5,40,1851.0252463464208,0,B1
D0876,HTOL,125,4.5,40,905.2713841016332,0,B2
D0877,HTOL,125,4.5,40,1045.0563604777751,0,B3
D0878,HTOL,125,4.5,40,601.0051902422778,0,B2
D0879,HTOL,125,4.5,40,519.6372880130435,0,B3
D0880,HTOL,125,4.5,40,329.2074376651496,0,B4
D0881,HTOL,125,4.5,40,2000.0,1,B4
D0882,HTOL,125,4.5,40,726.3250974610695,0,B1
D0883,HTOL,125,4.5,40,644.9861292529478,0,B3
D0884,HTOL,125,4.5,40,1491.9804393315053,0,B4
D0885,HTOL,125,4.5,40,1012.2216907820882,0,B3
D0886,HTOL,125,4.5,40,1222.1338447575336,0,B1
D0887,HTOL,125,4.5,40,773.2353364522916,0,B3
D0888,HTOL,125,4.5,40,847.5664275286691,0,B2
D0889,HTOL,125,4.5,40,500.8370713861212,0,B1
D0890,HTOL,125,4.5,40,1664.7968917995086,0,B2
D0891,HTOL,125,4.5,40,778.0979693254079,0,B3
D0892,HTOL,125,4.5,40,919.817893336622,0,B4
D0893,HTOL,125,4.5,40,1161.5905896448594,0,B4
D0894,HTOL,125,4.5,40,323.0600649889593,0,B3
D0895,HTOL,125,4.5,40,1249.0450829983042,0,B2
D0896,HTOL,125,4.5,40,1936.067870321545,0,B1
D0897,HTOL,125,4.5,40,227.86245478520283,0,B1
D0898,HTOL,125,4.5,40,1698.89578967624,0,B4
D0899,HTOL,125,4.5,40,1473.3511370700871,0,B1
D0900,HTOL,125,4.5,40,721.3866802188797,0,B2
D0901,HTOL,125,4.5,40,780.5285699363492,0,B1
D0902,HTOL,125,4.5,40,956.0999188754012,0,B3
D0903,HTOL,125,4.5,40,672.9337019610672,0,B3
D0904,HTOL,125,4.5,40,1418.4615248840878,0,B1
D0905,HTOL,125,4.5,40,545.489378209531,0,B1
D0906,HTOL,125,4.5,40,1311.3756209472488,0,B4
D0907,HTOL,125,4.5,40,621.2499874150429,0,B2
D0908,HTOL,125,4.5,40,706.9371121859772,0,B4
D0909,HTOL,125,4.5,40,1362.2838959103976,0,B1
D0910,HTOL,125,4.5,40,1158.519024150763,0,B2
D0911,HTOL,125,4.5,40,2000.0,1,B3
D0912,HTOL,125,4.5,40,1099.6767249596196,0,B2
D0913,HTOL,125,4.5,40,1130.1959807371943,0,B3
D0914,HTOL,125,4.5,40,442.77859345561615,0,B1
D0915,HTOL,125,4.5,40,1091.886223358522,0,B2
D0916,HTOL,125,4.5,40,1770.272139771283,0,B1
D0917,HTOL,125,4.5,40,1288.4114373047091,0,B3
D0918,HTOL,125,4.5,40,1549.9670225719192,0,B1
D0919,HTOL,125,4.5,40,1074.176595821009,0,B3
D0920,HTOL,125,4.5,40,207.51146788384185,0,B4
D0921,HTOL,125,4.5,40,314.50197205150545,0,B1
D0922,HTOL,125,4.5,40,324.5083952802166,0,B2
D0923,HTOL,125,4.5,40,796.0432060739586,0,B2
D0924,HTOL,125,4.5,40,122.23934273138848,0,B3
D0925,HTOL,125,4.5,40,760.6595668667247,0,B2
D0926,HTOL,125,4.5,40,1016.599245248332,0,B2
D0927,HTOL,125,4.5,40,2000.0,1,B1
D0928,HTOL,125,4.5,40,1496.4755716990455,0,B4
D0929,HTOL,125,4.5,40,234.609233804228,0,B4
D0930,HTOL,125,4.5,40,1312.66644602555,0,B4
D0931,HTOL,125,4.5,40,1693.6657310126163,0,B3
D0932,HTOL,125,4.5,40,382.7290237534223,0,B4
D0933,HTOL,125,4.5,40,924.6471462982572,0,B3
D0934,HTOL,125,4.5,40,492.1092408899702,0,B3
D0935,HTOL,125,4.5,40,744.6119977430058,0,B1
D0936,HTOL,125,4.5,40,1476.4451936545308,0,B4
D0937,HTOL,125,4.5,40,2000.0,1,B4
D0938,HTOL,125,4.5,40,1138.3612439269148,0,B2
D0939,HTOL,125,4.5,40,1434.5548275711378,0,B1
D0940,HTOL,125,4.5,40,921.2087366293192,0,B4
D0941,HTOL,125,4.5,40,1229.089384640872,0,B3
D0942,HTOL,125,4.5,40,1767.584774067822,0,B3
D0943,HTOL,125,4.5,40,481.2764721765303,0,B3
D0944,HTOL,125,4.5,40,1034.1275523705056,0,B2
D0945,HTOL,125,4.5,40,872.5633836949369,0,B3
D0946,HTOL,125,4.5,40,731.1821813085044,0,B4
D0947,HTOL,125,4.5,40,1385.7307327478395,0,B4
D0948,HTOL,125,4.5,40,1851.2677143049293,0,B4
D0949,HTOL,125,4.5,40,929.9094356642262,0,B2
D0950,HTOL,125,4.5,40,1072.030610143402,0,B4
D0951,HTOL,125,4.5,40,1405.7400481101502,0,B4
D0952,HTOL,125,4.5,40,894.5823201287845,0,B1
D0953,HTOL,125,4.5,40,974.9440896032376,0,B3
D0954,HTOL,125,4.5,40,693.776896150788,0,B3
D0955,HTOL,125,4.5,40,1357.549394929696,0,B2
D0956,HTOL,125,4.5,40,1427.671686849567,0,B4
D0957,HTOL,125,4.5,40,657.5190494127461,0,B3
D0958,HTOL,125,4.5,40,400.7934861763968,0,B1
D0959,HTOL,125,4.5,40,1254.1814774001791,0,B4
D0960,HTOL,125,4.5,40,784.7133322532483,0,B3
D0961,HTOL,125,4.5,40,505.9831560988232,0,B3
D0962,HTOL,125,4.5,40,1236.3169223400364,0,B1
D0963,HTOL,125,4.5,40,812.2183702344297,0,B3
D0964,HTOL,125,4.5,40,588.6160070029409,0,B2
D0965,HTOL,125,4.5,40,1444.5705476523185,0,B4
D0966,HTOL,125,4.5,40,829.3106143164907,0,B3
D0967,HTOL,125,4.5,40,1605.5955667030116,0,B1
D0968,HTOL,125,4.5,40,609.4346061839766,0,B3
D0969,HTOL,125,4.5,40,1263.5650755307984,0,B2
D0970,HTOL,125,4.5,40,1165.832670751377,0,B2
D0971,HTOL,125,4.5,40,728.0231514626985,0,B2
D0972,HTOL,125,4.5,40,658.7439729800825,0,B3
D0973,HTOL,125,4.5,40,809.6074695248581,0,B4
D0974,HTOL,125,4.5,40,918.752050506689,0,B2
D0975,HTOL,125,4.5,40,1324.9899469692473,0,B1
D0976,HTOL,125,4.5,40,1253.74487066581,0,B4
D0977,HTOL,125,4.5,40,927.1046575951506,0,B1
D0978,HTOL,125,4.5,40,770.0107069248435,0,B4
D0979,HTOL,125,4.5,40,405.66567869566126,0,B4
D0980,HTOL,125,4.5,40,441.1338983239091,0,B1
D0981,HTOL,125,4.5,40,728.4918101781407,0,B3
D0982,HTOL,125,4.5,40,1102.219792292947,0,B4
D0983,HTOL,125,4.5,40,1703.7483800984062,0,B3
D0984,HTOL,125,4.5,40,1439.2319746807289,0,B4
D0985,HTOL,125,4.5,40,640.4818065159636,0,B4
D0986,HTOL,125,4.5,40,968.1743266431156,0,B2
D0987,HTOL,125,4.5,40,951.4291290963592,0,B4
D0988,HTOL,125,4.5,40,999.6533278129232,0,B3
D0989,HTOL,125,4.5,40,1424.2117055254444,0,B1
D0990,HTOL,125,4.5,40,416.26333866064056,0,B1
D0991,HTOL,125,4.5,40,2000.0,1,B2
D0992,HTOL,125,4.5,40,1332.7597450249225,0,B2
D0993,HTOL,125,4.5,40,475.865476152846,0,B3
D0994,HTOL,125,4.5,40,1995.3649403608229,0,B1
D0995,HTOL,125,4.5,40,407.8820875107373,0,B1
D0996,HTOL,125,4.5,40,494.9721544905704,0,B2
D0997,HTOL,125,4.5,40,1229.832897081394,0,B2
D0998,HTOL,125,4.5,40,940.1781176814636,0,B1
D0999,HTOL,125,4.5,40,1598.7236438793464,0,B4
D1000,HTOL,125,4.5,40,1404.1515867012297,0,B3
D1001,HTOL,125,5.0,40,898.0910693180916,0,B3
D1002,HTOL,125,5.0,40,1312.8731068384343,0,B4
D1003,HTOL,125,5.0,40,823.7549272420583,0,B2
D1004,HTOL,125,5.0,40,282.73316848863266,0,B3
D1005,HTOL,125,5.0,40,603.2152410055563,0,B1
D1006,HTOL,125,5.0,40,1023.7649738010384,0,B3
D1007,HTOL,125,5.0,40,1796.4923983448905,0,B2
D1008,HTOL,125,5.0,40,912.990490251295,0,B1
D1009,HTOL,125,5.0,40,925.1909534803086,0,B3
D1010,HTOL,125,5.0,40,752.7206466761655,0,B4
D1011,HTOL,125,5.0,40,1009.897042896775,0,B3
D1012,HTOL,125,5.0,40,1672.9521087815772,0,B2
D1013,HTOL,125,5.0,40,116.62969603623344,0,B1
D1014,HTOL,125,5.0,40,558.0345899507732,0,B3
D1015,HTOL,125,5.0,40,441.4466904150469,0,B1
D1016,HTOL,125,5.0,40,1202.3712933937177,0,B2
D1017,HTOL,125,5.0,40,972.161651129229,0,B4
D1018,HTOL,125,5.0,40,506.03362147320206,0,B1
D1019,HTOL,125,5.0,40,594.2684580942647,0,B2
D1020,HTOL,125,5.0,40,649.2383815653881,0,B4
D1021,HTOL,125,5.0,40,1071.6795868832055,0,B3
D1022,HTOL,125,5.0,40,932.9007209577272,0,B4
D1023,HTOL,125,5.0,40,678.7680172149546,0,B4
D1024,HTOL,125,5.0,40,1034.7834277605934,0,B3
D1025,HTOL,125,5.0,40,1443.8341862628197,0,B2
D1026,HTOL,125,5.0,40,853.3183085494613,0,B2
D1027,HTOL,125,5.0,40,1000.4843721166476,0,B4
D1028,HTOL,125,5.0,40,422.6037870077408,0,B3
D1029,HTOL,125,5.0,40,267.9825007876807,0,B1
D1030,HTOL,125,5.0,40,854.2160251687153,0,B4
D1031,HTOL,125,5.0,40,1172.8596671245668,0,B3
D1032,HTOL,125,5.0,40,346.1289934216252,0,B3
D1033,HTOL,125,5.0,40,979.1552293495096,0,B1
D1034,HTOL,125,5.0,40,900.8251706461498,0,B2
D1035,HTOL,125,5.0,40,768.0119059977904,0,B2
D1036,HTOL,125,5.0,40,2000.0,1,B2
D1037,HTOL,125,5.0,40,707.6231583711407,0,B4
D1038,HTOL,125,5.0,40,1678.492649270353,0,B2
D1039,HTOL,125,5.0,40,2000.0,1,B2
D1040,HTOL,125,5.0,40,1006.824590152522,0,B1
D1041,HTOL,125,5.0,40,1170.7047223605368,0,B4
D1042,HTOL,125,5.0,40,457.9568765191244,0,B3
D1043,HTOL,125,5.0,40,1420.740996848633,0,B2
D1044,HTOL,125,5.0,40,614.8509807575783,0,B2
D1045,HTOL,125,5.0,40,778.0422189510758,0,B2
D1046,HTOL,125,5.0,40,704.8325139130542,0,B3
D1047,HTOL,125,5.0,40,926.2247244325596,0,B3
D1048,HTOL,125,5.0,40,586.9049909890272,0,B3
D1049,HTOL,125,5.0,40,884.7330497999144,0,B1
D1050,HTOL,125,5.0,40,636.659066908703,0,B2
D1051,HTOL,125,5.0,40,573.0813512254778,0,B3
D1052,HTOL,125,5.0,40,1294.5546889181028,0,B4
D1053,HTOL,125,5.0,40,575.4411642291415,0,B3
D1054,HTOL,125,5.0,40,641.8108570740094,0,B3
D1055,HTOL,125,5.0,40,1602.5257586890166,0,B2
D1056,HTOL,125,5.0,40,430.8378858013725,0,B1
D1057,HTOL,125,5.0,40,1132.6775997126715,0,B4
D1058,HTOL,125,5.0,40,2000.0,1,B1
D1059,HTOL,125,5.0,40,764.1690985026287,0,B4
D1060,HTOL,125,5.0,40,821.5804137154282,0,B4
D1061,HTOL,125,5.0,40,1035.5094484496367,0,B3
D1062,HTOL,125,5.0,40,1010.3803204528284,0,B1
D1063,HTOL,125,5.0,40,310.25145007958304,0,B1
D1064,HTOL,125,5.0,40,422.4867760733456,0,B3
D1065,HTOL,125,5.0,40,367.3465488669825,0,B3
D1066,HTOL,125,5.0,40,1382.952796061558,0,B1
D1067,HTOL,125,5.0,40,812.3529471804155,0,B2
D1068,HTOL,125,5.0,40,591.5489498773518,0,B2
D1069,HTOL,125,5.0,40,2000.0,1,B2
D1070,HTOL,125,5.0,40,96.10906103459531,0,B4
D1071,HTOL,125,5.0,40,305.6993533547245,0,B3
D1072,HTOL,125,5.0,40,1234.2549657842778,0,B1
D1073,HTOL,125,5.0,40,504.5311579558266,0,B3
D1074,HTOL,125,5.0,40,443.9535130274056,0,B3
D1075,HTOL,125,5.0,40,364.4062642347079,0,B4
D1076,HTOL,125,5.0,40,414.0513223379649,0,B1
D1077,HTOL,125,5.0,40,758.0946379969247,0,B4
D1078,HTOL,125,5.0,40,853.2420581603802,0,B1
D1079,HTOL,125,5.0,40,799.6537317228677,0,B2
D1080,HTOL,125,5.0,40,728.2171980458407,0,B4
D1081,HTOL,125,5.0,40,947.6149245411548,0,B3
D1082,HTOL,125,5.0,40,1371.8151205991617,0,B3
D1083,HTOL,125,5.0,40,366.66417346937794,0,B2
D1084,HTOL,125,5.0,40,845.0259735071385,0,B4
D1085,HTOL,125,5.0,40,527.622605106187,0,B1
D1086,HTOL,125,5.0,40,1624.5280243804923,0,B2
D1087,HTOL,125,5.0,40,203.6536386118692,0,B2
D1088,HTOL,125,5.0,40,2000.0,1,B4
D1089,HTOL,125,5.0,40,780.2595575770983,0,B2
D1090,HTOL,125,5.0,40,1892.173416980458,0,B1
D1091,HTOL,125,5.0,40,1010.0475034930108,0,B1
D1092,HTOL,125,5.0,40,1350.9112598830104,0,B4
D1093,HTOL,125,5.0,40,925.2404602990778,0,B2
D1094,HTOL,125,5.0,40,1920.7481740261885,0,B4
D1095,HTOL,125,5.0,40,1339.2333282813076,0,B3
D1096,HTOL,125,5.0,40,991.4264045724613,0,B4
D1097,HTOL,125,5.0,40,858.3525261162193,0,B2
D1098,HTOL,125,5.0,40,585.8278953254123,0,B4
D1099,HTOL,125,5.0,40,1214.3728139594589,0,B1
D1100,HTOL,125,5.0,40,737.8573482593812,0,B2
D1101,HTOL,125,5.0,40,872.896493013978,0,B4
D1102,HTOL,125,5.0,40,1392.5603379464224,0,B4
D1103,HTOL,125,5.0,40,515.1394418966892,0,B2
D1104,HTOL,125,5.0,40,606.0671559809884,0,B2
D1105,HTOL,125,5.0,40,1660.507340144375,0,B1
D1106,HTOL,125,5.0,40,238.9566721364648,0,B3
D1107,HTOL,125,5.0,40,352.5283974269629,0,B2
D1108,HTOL,125,5.0,40,823.8177595536446,0,B4
D1109,HTOL,125,5.0,40,660.4976340637626,0,B1
D1110,HTOL,125,5.0,40,1962.5657525913969,0,B4
D1111,HTOL,125,5.0,40,1189.4913181268382,0,B3
D1112,HTOL,125,5.0,40,1226.458731343428,0,B2
D1113,HTOL,125,5.0,40,819.8105579244063,0,B4
D1114,HTOL,125,5.0,40,635.1689060524142,0,B2
D1115,HTOL,125,5.0,40,1201.5517517601731,0,B2
D1116,HTOL,125,5.0,40,759.4235386976443,0,B2
D1117,HTOL,125,5.0,40,899.7873414771902,0,B4
D1118,HTOL,125,5.0,40,1253.8977122639144,0,B3
D1119,HTOL,125,5.0,40,758.0393598138008,0,B4
D1120,HTOL,125,5.0,40,730.3163183048651,0,B2
D1121,HTOL,125,5.0,40,1157.1024922991353,0,B1
D1122,HTOL,125,5.0,40,1078.380622593986,0,B4
D1123,HTOL,125,5.0,40,1004.9616638133472,0,B1
D1124,HTOL,125,5.0,40,513.5094458759518,0,B2
D1125,HTOL,125,5.0,40,2000.0,1,B2
D1126,HTOL,125,5.0,40,920.8571093910512,0,B4
D1127,HTOL,125,5.0,40,1947.630737326219,0,B2
D1128,HTOL,125,5.0,40,1282.2691125514625,0,B2
D1129,HTOL,125,5.0,40,698.9635052256752,0,B1
D1130,HTOL,125,5.0,40,774.2669148172093,0,B1
D1131,HTOL,125,5.0,40,723.6356764014616,0,B4
D1132,HTOL,125,5.0,40,2000.0,1,B2
D1133,HTOL,125,5.0,40,653.6135168552547,0,B4
D1134,HTOL,125,5.0,40,514.6425110267742,0,B1
D1135,HTOL,125,5.0,40,796.8461222539185,0,B4
D1136,HTOL,125,5.0,40,1659.2435889594742,0,B3
D1137,HTOL,125,5.0,40,1212.2993382849077,0,B4
D1138,HTOL,125,5.0,40,1696.1028475234057,0,B2
D1139,HTOL,125,5.0,40,1223.9605110353416,0,B1
D1140,HTOL,125,5.0,40,1405.6182101846537,0,B4
D1141,HTOL,125,5.0,40,2000.0,1,B4
D1142,HTOL,125,5.0,40,1467.9274134064497,0,B1
D1143,HTOL,125,5.0,40,337.24188991316424,0,B3
D1144,HTOL,125,5.0,40,373.1755676983046,0,B1
D1145,HTOL,125,5.0,40,489.90354707488274,0,B1
D1146,HTOL,125,5.0,40,850.3466215087059,0,B3
D1147,HTOL,125,5.0,40,1615.11671600812,0,B2
D1148,HTOL,125,5.0,40,1124.1968606358464,0,B2
D1149,HTOL,125,5.0,40,1525.998362501554,0,B4
D1150,HTOL,125,5.0,40,415.8779709445999,0,B2
D1151,HTOL,125,5.0,40,811.2940142444485,0,B1
D1152,HTOL,125,5.0,40,619.8916461598952,0,B4
D1153,HTOL,125,5.0,40,1824.7896985637,0,B4
D1154,HTOL,125,5.0,40,602.1932652720816,0,B4
D1155,HTOL,125,5.0,40,660.5725518830579,0,B1
D1156,HTOL,125,5.0,40,1256.608133622656,0,B4
D1157,HTOL,125,5.0,40,882.9727115818229,0,B3
D1158,HTOL,125,5.0,40,758.6308392500446,0,B3
D1159,HTOL,125,5.0,40,738.8835980354082,0,B2
D1160,HTOL,125,5.0,40,2000.0,1,B2
D1161,HTOL,125,5.0,40,1660.1374358731894,0,B4
D1162,HTOL,125,5.0,40,1791.491240474037,0,B4
D1163,HTOL,125,5.0,40,505.83034178526754,0,B4
D1164,HTOL,125,5.0,40,1967.999944743496,0,B2
D1165,HTOL,125,5.0,40,436.8396861893823,0,B4
D1166,HTOL,125,5.0,40,1216.2056411064357,0,B4
D1167,HTOL,125,5.0,40,1524.9869988763317,0,B1
D1168,HTOL,125,5.0,40,984.0220134632316,0,B4
D1169,HTOL,125,5.0,40,792.9268577852782,0,B3
D1170,HTOL,125,5.0,40,1343.5194975527836,0,B4
D1171,HTOL,125,5.0,40,399.47696007755246,0,B1
D1172,HTOL,125,5.0,40,1140.9913594870145,0,B3
D1173,HTOL,125,5.0,40,591.6660266212219,0,B1
D1174,HTOL,125,5.0,40,863.0528852202259,0,B1
D1175,HTOL,125,5.0,40,779.6994948405079,0,B4
D1176,HTOL,125,5.0,40,328.04026751075065,0,B1
D1177,HTOL,125,5.0,40,955.5798599433252,0,B3
D1178,HTOL,125,5.0,40,1047.4784770266572,0,B2
D1179,HTOL,125,5.0,40,1803.8000739856147,0,B4
D1180,HTOL,125,5.0,40,1734.9059832895966,0,B4
D1181,HTOL,125,5.0,40,657.5533304347523,0,B2
D1182,HTOL,125,5.0,40,990.2702140292812,0,B1
D1183,HTOL,125,5.0,40,667.4996414918439,0,B1
D1184,HTOL,125,5.0,40,525.5364348751922,0,B1
D1185,HTOL,125,5.0,40,159.12122114123378,0,B2
D1186,HTOL,125,5.0,40,1066.1888768599367,0,B2
D1187,HTOL,125,5.0,40,1493.372567980378,0,B4
D1188,HTOL,125,5.0,40,855.7843016941314,0,B2
D1189,HTOL,125,5.0,40,744.0696877995042,0,B2
D1190,HTOL,125,5.0,40,439.1897954796453,0,B2
D1191,HTOL,125,5.0,40,1534.0159724155196,0,B1
D1192,HTOL,125,5.0,40,1279.0725857006184,0,B4
D1193,HTOL,125,5.0,40,876.0662149307697,0,B2
D1194,HTOL,125,5.0,40,1993.6481872998463,0,B4
D1195,HTOL,125,5.0,40,102.34269449401658,0,B3
D1196,HTOL,125,5.0,40,1175.2869716639675,0,B3
D1197,HTOL,125,5.0,40,1892.4315534686489,0,B1
D1198,HTOL,125,5.0,40,660.2551742608106,0,B3
D1199,HTOL,125,5.0,40,131.21727932840176,0,B3
D1200,HTOL,125,5.0,40,723.1464097129792,0,B1
D1201,HTOL,150,4.0,40,411.2559122909366,0,B1
D1202,HTOL,150,4.0,40,534.7390505785045,0,B1
D1203,HTOL,150,4.0,40,650.6769898309867,0,B1
D1204,HTOL,150,4.0,40,1029.1647009565183,0,B2
D1205,HTOL,150,4.0,40,701.2731911643822,0,B2
D1206,HTOL,150,4.0,40,564.6660270406977,0,B4
D1207,HTOL,150,4.0,40,481.7855030629977,0,B4
D1208,HTOL,150,4.0,40,420.1395288484452,0,B3
D1209,HTOL,150,4.0,40,271.1750845529627,0,B1
D1210,HTOL,150,4.0,40,953.4038246657416,0,B1
D1211,HTOL,150,4.0,40,114.07808981594734,0,B1
D1212,HTOL,150,4.0,40,179.94590213106238,0,B2
D1213,HTOL,150,4.0,40,946.21726145694,0,B4
D1214,HTOL,150,4.0,40,492.01222314996807,0,B1
D1215,HTOL,150,4.0,40,847.0240512045139,0,B1
D1216,HTOL,150,4.0,40,572.5592240909332,0,B2
D1217,HTOL,150,4.0,40,466.2509583645433,0,B4
D1218,HTOL,150,4.0,40,615.387349657722,0,B4
D1219,HTOL,150,4.0,40,410.00212340342193,0,B2
D1220,HTOL,150,4.0,40,320.3331842113133,0,B3
D1221,HTOL,150,4.0,40,835.4173566769435,0,B4
D1222,HTOL,150,4.0,40,628.9028622981672,0,B3
D1223,HTOL,150,4.0,40,475.1078512554944,0,B1
D1224,HTOL,150,4.0,40,353.4808949771367,0,B2
D1225,HTOL,150,4.0,40,1239.0957497275226,0,B4
D1226,HTOL,150,4.0,40,1138.671774899406,0,B4
D1227,HTOL,150,4.0,40,967.7125476816036,0,B3
D1228,HTOL,150,4.0,40,337.8158821705398,0,B3
D1229,HTOL,150,4.0,40,579.1433573398916,0,B4
D1230,HTOL,150,4.0,40,1192.8417490274894,0,B2
D1231,HTOL,150,4.0,40,612.8160920183428,0,B2
D1232,HTOL,150,4.0,40,353.7544540129223,0,B3
D1233,HTOL,150,4.0,40,704.7338596526956,0,B1
D1234,HTOL,150,4.0,40,345.1259093996053,0,B3
D1235,HTOL,150,4.0,40,195.405400794888,0,B4
D1236,HTOL,150,4.0,40,513.8226909256006,0,B1
D1237,HTOL,150,4.0,40,489.2649470633363,0,B3
D1238,HTOL,150,4.0,40,519.8864225115898,0,B3
D1239,HTOL,150,4.0,40,556.9754575284478,0,B2
D1240,HTOL,150,4.0,40,735.814818024097,0,B3
D1241,HTOL,150,4.0,40,686.3208553138495,0,B4
D1242,HTOL,150,4.0,40,663.1999863175965,0,B4
D1243,HTOL,150,4.0,40,426.1959618627805,0,B3
D1244,HTOL,150,4.0,40,1438.717692200148,0,B4
D1245,HTOL,150,4.0,40,430.2073217664751,0,B3
D1246,HTOL,150,4.0,40,226.6220783794917,0,B2
D1247,HTOL,150,4.0,40,298.39662155920445,0,B4
D1248,HTOL,150,4.0,40,623.438873697152,0,B2
D1249,HTOL,150,4.0,40,628.3442027723805,0,B2
D1250,HTOL,150,4.0,40,410.60019533243445,0,B1
D1251,HTOL,150,4.0,40,305.2924909716681,0,B4
D1252,HTOL,150,4.0,40,634.1633058769568,0,B4
D1253,HTOL,150,4.0,40,283.45082041767404,0,B3
D1254,HTOL,150,4.0,40,706.4096020878656,0,B1
D1255,HTOL,150,4.0,40,662.5239556273298,0,B3
D1256,HTOL,150,4.0,40,852.1611458628286,0,B4
D1257,HTOL,150,4.0,40,714.5375746822826,0,B1
D1258,HTOL,150,4.0,40,376.27359015755457,0,B2
D1259,HTOL,150,4.0,40,709.0866382717447,0,B4
D1260,HTOL,150,4.0,40,200.69784121998865,0,B3
D1261,HTOL,150,4.0,40,722.9596048135093,0,B2
D1262,HTOL,150,4.0,40,1000.1137760110208,0,B4
D1263,HTOL,150,4.0,40,300.7413308806313,0,B4
D1264,HTOL,150,4.0,40,675.5490982679584,0,B2
D1265,HTOL,150,4.0,40,365.6823897328181,0,B2
D1266,HTOL,150,4.0,40,816.5163728928901,0,B4
D1267,HTOL,150,4.0,40,317.15501403601144,0,B3
D1268,HTOL,150,4.0,40,545.8610550651736,0,B1
D1269,HTOL,150,4.0,40,480.84857666402746,0,B3
D1270,HTOL,150,4.0,40,124.16677861909318,0,B2
D1271,HTOL,150,4.0,40,296.4009122565869,0,B3
D1272,HTOL,150,4.0,40,403.6653645266022,0,B2
D1273,HTOL,150,4.0,40,292.55408327525464,0,B4
D1274,HTOL,150,4.0,40,693.10295553216,0,B3
D1275,HTOL,150,4.0,40,675.2957290558019,0,B3
D1276,HTOL,150,4.0,40,335.9077457410779,0,B3
D1277,HTOL,150,4.0,40,174.3776544468679,0,B1
D1278,HTOL,150,4.0,40,154.6429556530093,0,B1
D1279,HTOL,150,4.0,40,331.60182231549845,0,B4
D1280,HTOL,150,4.0,40,239.55589649486672,0,B3
D1281,HTOL,150,4.0,40,222.932454242476,0,B1
D1282,HTOL,150,4.0,40,489.4195363552652,0,B1
D1283,HTOL,150,4.0,40,839.1418355714461,0,B2
D1284,HTOL,150,4.0,40,197.399323189662,0,B2
D1285,HTOL,150,4.0,40,492.0968669340021,0,B1
D1286,HTOL,150,4.0,40,56.658592311965776,0,B3
D1287,HTOL,150,4.0,40,435.38791080042097,0,B3
D1288,HTOL,150,4.0,40,636.6505970404065,0,B4
D1289,HTOL,150,4.0,40,107.73224103210453,0,B3
D1290,HTOL,150,4.0,40,631.7304624049765,0,B4
D1291,HTOL,150,4.0,40,174.18194950791687,0,B2
D1292,HTOL,150,4.0,40,698.3269596278162,0,B3
D1293,HTOL,150,4.0,40,751.511165402449,0,B2
D1294,HTOL,150,4.0,40,568.5534688452682,0,B1
D1295,HTOL,150,4.0,40,669.3792811812237,0,B2
D1296,HTOL,150,4.0,40,193.8469883696273,0,B3
D1297,HTOL,150,4.0,40,966.9198531938252,0,B4
D1298,HTOL,150,4.0,40,413.9284575885972,0,B3
D1299,HTOL,150,4.0,40,475.2593171129703,0,B1
D1300,HTOL,150,4.0,40,372.1085856285856,0,B4
D1301,HTOL,150,4.0,40,291.9467008169759,0,B4
D1302,HTOL,150,4.0,40,472.96708225113247,0,B2
D1303,HTOL,150,4.0,40,348.3917090167781,0,B2
D1304,HTOL,150,4.0,40,212.40769326798417,0,B2
D1305,HTOL,150,4.0,40,446.5366503449005,0,B4
D1306,HTOL,150,4.0,40,833.6881437507662,0,B2
D1307,HTOL,150,4.0,40,1158.319044944613,0,B4
D1308,HTOL,150,4.0,40,842.9679694548541,0,B4
D1309,HTOL,150,4.0,40,526.4341612037668,0,B2
D1310,HTOL,150,4.0,40,521.2265905146314,0,B4
D1311,HTOL,150,4.0,40,179.96120899846994,0,B4
D1312,HTOL,150,4.0,40,873.0790712655107,0,B2
D1313,HTOL,150,4.0,40,193.89792982169124,0,B2
D1314,HTOL,150,4.0,40,673.2483881526279,0,B2
D1315,HTOL,150,4.0,40,649.9067860262082,0,B2
D1316,HTOL,150,4.0,40,266.78224954388594,0,B2
D1317,HTOL,150,4.0,40,475.4311872898699,0,B4
D1318,HTOL,150,4.0,40,564.1939765746896,0,B2
D1319,HTOL,150,4.0,40,804.8440422550327,0,B3
D1320,HTOL,150,4.0,40,688.5536644342918,0,B3
D1321,HTOL,150,4.0,40,638.0147266727813,0,B3
D1322,HTOL,150,4.0,40,618.878144929175,0,B2
D1323,HTOL,150,4.0,40,155.15540892225434,0,B2
D1324,HTOL,150,4.0,40,587.3975682850518,0,B4
D1325,HTOL,150,4.0,40,854.5284791860386,0,B4
D1326,HTOL,150,4.0,40,390.150091888354,0,B1
D1327,HTOL,150,4.0,40,855.3035079596067,0,B3
D1328,HTOL,150,4.0,40,395.62967769193415,0,B1
D1329,HTOL,150,4.0,40,284.3498226508577,0,B4
D1330,HTOL,150,4.0,40,164.26940295508078,0,B1
D1331,HTOL,150,4.0,40,510.36491660496216,0,B1
D1332,HTOL,150,4.0,40,414.685806220455,0,B1
D1333,HTOL,150,4.0,40,589.455138935188,0,B4
D1334,HTOL,150,4.0,40,888.4359267669996,0,B2
D1335,HTOL,150,4.0,40,599.5491746949785,0,B1
D1336,HTOL,150,4.0,40,297.8719082889427,0,B4
D1337,HTOL,150,4.0,40,185.74810476339323,0,B2
D1338,HTOL,150,4.0,40,725.2180825045842,0,B1
D1339,HTOL,150,4.0,40,465.3969892442217,0,B2
D1340,HTOL,150,4.0,40,677.1537713185985,0,B4
D1341,HTOL,150,4.0,40,391.5184354279445,0,B4
D1342,HTOL,150,4.0,40,672.2088111967566,0,B1
D1343,HTOL,150,4.0,40,486.00209741396776,0,B1
D1344,HTOL,150,4.0,40,466.8498191449923,0,B3
D1345,HTOL,150,4.0,40,938.5626397181924,0,B4
D1346,HTOL,150,4.0,40,448.47743327517526,0,B2
D1347,HTOL,150,4.0,40,390.05784782593537,0,B3
D1348,HTOL,150,4.0,40,384.7849404609997,0,B2
D1349,HTOL,150,4.0,40,944.7408484370504,0,B2
D1350,HTOL,150,4.0,40,653.7227135767745,0,B4
D1351,HTOL,150,4.0,40,400.5212850124285,0,B2
D1352,HTOL,150,4.0,40,407.6158965821187,0,B1
D1353,HTOL,150,4.0,40,171.63917268435625,0,B1
D1354,HTOL,150,4.0,40,310.5699570645983,0,B1
D1355,HTOL,150,4.0,40,692.697030929554,0,B2
D1356,HTOL,150,4.0,40,448.4597896977241,0,B1
D1357,HTOL,150,4.0,40,1194.3273537677871,0,B1
D1358,HTOL,150,4.0,40,141.60709142793843,0,B2
D1359,HTOL,150,4.0,40,410.8216607914018,0,B4
D1360,HTOL,150,4.0,40,576.7004848672298,0,B1
D1361,HTOL,150,4.0,40,725.1626713621419,0,B4
D1362,HTOL,150,4.0,40,975.1199444559576,0,B4
D1363,HTOL,150,4.0,40,537.1994683421258,0,B2
D1364,HTOL,150,4.0,40,84.49038570495564,0,B1
D1365,HTOL,150,4.0,40,634.0138453555372,0,B2
D1366,HTOL,150,4.0,40,284.2938348023744,0,B1
D1367,HTOL,150,4.0,40,352.96954655690416,0,B4
D1368,HTOL,150,4.0,40,705.4313560468712,0,B1
D1369,HTOL,150,4.0,40,413.2325784570023,0,B4
D1370,HTOL,150,4.0,40,236.23403421604897,0,B3
D1371,HTOL,150,4.0,40,655.1100258082238,0,B3
D1372,HTOL,150,4.0,40,440.5828587435747,0,B4
D1373,HTOL,150,4.0,40,1002.163269893318,0,B1
D1374,HTOL,150,4.0,40,327.3737975258195,0,B1
D1375,HTOL,150,4.0,40,758.6984287358885,0,B4
D1376,HTOL,150,4.0,40,684.6990254887144,0,B3
D1377,HTOL,150,4.0,40,109.65198852948136,0,B3
D1378,HTOL,150,4.0,40,554.1858348073694,0,B4
D1379,HTOL,150,4.0,40,433.1823285532581,0,B1
D1380,HTOL,150,4.0,40,430.166812926226,0,B4
D1381,HTOL,150,4.0,40,616.7398235561451,0,B1
D1382,HTOL,150,4.0,40,308.32303752485814,0,B4
D1383,HTOL,150,4.0,40,244.86731499544263,0,B1
D1384,HTOL,150,4.0,40,398.5932098955965,0,B3
D1385,HTOL,150,4.0,40,471.03536707691177,0,B4
D1386,HTOL,150,4.0,40,316.79472464230423,0,B3
D1387,HTOL,150,4.0,40,466.6275984312563,0,B2
D1388,HTOL,150,4.0,40,512.9671945766106,0,B4
D1389,HTOL,150,4.0,40,344.86614077597125,0,B2
D1390,HTOL,150,4.0,40,546.5663585320449,0,B3
D1391,HTOL,150,4.0,40,956.0149647004188,0,B3
D1392,HTOL,150,4.0,40,830.3527711546119,0,B2
D1393,HTOL,150,4.0,40,576.2945724003871,0,B1
D1394,HTOL,150,4.0,40,184.02825403815112,0,B1
D1395,HTOL,150,4.0,40,124.29045902316416,0,B2
D1396,HTOL,150,4.0,40,502.25906152861785,0,B1
D1397,HTOL,150,4.0,40,623.9027535045489,0,B2
D1398,HTOL,150,4.0,40,652.4267552483078,0,B4
D1399,HTOL,150,4.0,40,676.4113307447882,0,B1
D1400,HTOL,150,4.0,40,239.08644090309653,0,B3
D1401,HTOL,150,4.5,40,143.07552557682206,0,B3
D1402,HTOL,150,4.5,40,616.9567302478047,0,B3
D1403,HTOL,150,4.5,40,233.22726557781905,0,B1
D1404,HTOL,150,4.5,40,313.731253646595,0,B1
D1405,HTOL,150,4.5,40,646.1369538629272,0,B4
D1406,HTOL,150,4.5,40,390.85908181111023,0,B1
D1407,HTOL,150,4.5,40,475.5692646019922,0,B2
D1408,HTOL,150,4.5,40,536.7448075363681,0,B3
D1409,HTOL,150,4.5,40,769.9692339491689,0,B3
D1410,HTOL,150,4.5,40,235.0706030667784,0,B4
D1411,HTOL,150,4.5,40,522.5569349777884,0,B3
D1412,HTOL,150,4.5,40,811.3941432590384,0,B3
D1413,HTOL,150,4.5,40,532.2416171968521,0,B3
D1414,HTOL,150,4.5,40,517.8382155451623,0,B4
D1415,HTOL,150,4.5,40,396.6725205331164,0,B1
D1416,HTOL,150,4.5,40,501.9634608397496,0,B4
D1417,HTOL,150,4.5,40,184.0886191678429,0,B3
D1418,HTOL,150,4.5,40,427.20128944560935,0,B4
D1419,HTOL,150,4.5,40,744.6361779229976,0,B4
D1420,HTOL,150,4.5,40,582.8071115441511,0,B2
D1421,HTOL,150,4.5,40,477.3603295208253,0,B1
D1422,HTOL,150,4.5,40,455.77873625834,0,B1
D1423,HTOL,150,4.5,40,363.5400853220887,0,B4
D1424,HTOL,150,4.5,40,430.889083578582,0,B3
D1425,HTOL,150,4.5,40,788.9092034821218,0,B1
D1426,HTOL,150,4.5,40,711.8221612383616,0,B4
D1427,HTOL,150,4.5,40,304.6766786402195,0,B4
D1428,HTOL,150,4.5,40,507.05625485266745,0,B2
D1429,HTOL,150,4.5,40,885.8226239504428,0,B2
D1430,HTOL,150,4.5,40,1215.9706801099474,0,B4
D1431,HTOL,150,4.5,40,194.23727064483987,0,B2
D1432,HTOL,150,4.5,40,461.7339543831271,0,B1
D1433,HTOL,150,4.5,40,722.0243281311135,0,B1
D1434,HTOL,150,4.5,40,48.03380837135986,0,B3
D1435,HTOL,150,4.5,40,513.884554311862,0,B1
D1436,HTOL,150,4.5,40,264.1634450719393,0,B1
D1437,HTOL,150,4.5,40,192.5008893915974,0,B4
D1438,HTOL,150,4.5,40,698.9608279006417,0,B1
D1439,HTOL,150,4.5,40,1036.5426328214958,0,B4
D1440,HTOL,150,4.5,40,366.2196839278965,0,B2
D1441,HTOL,150,4.5,40,573.9389751758408,0,B1
D1442,HTOL,150,4.5,40,552.2563464665922,0,B3
D1443,HTOL,150,4.5,40,618.4205970668698,0,B4
D1444,HTOL,150,4.5,40,473.8901809620396,0,B2
D1445,HTOL,150,4.5,40,446.6195996484338,0,B4
D1446,HTOL,150,4.5,40,387.87379118612967,0,B3
D1447,HTOL,150,4.5,40,188.4784016797932,0,B3
D1448,HTOL,150,4.5,40,44.90341652489735,0,B3
D1449,HTOL,150,4.5,40,926.7040962443084,0,B2
D1450,HTOL,150,4.5,40,25.07132860567684,0,B1
D1451,HTOL,150,4.5,40,459.1533865700181,0,B3
D1452,HTOL,150,4.5,40,602.8858739659647,0,B3
D1453,HTOL,150,4.5,40,588.4464427116026,0,B2
D1454,HTOL,150,4.5,40,519.6785895433063,0,B3
D1455,HTOL,150,4.5,40,400.52380024044976,0,B1
D1456,HTOL,150,4.5,40,575.8660452853801,0,B3
D1457,HTOL,150,4.5,40,314.93426948261015,0,B3
D1458,HTOL,150,4.5,40,1009.176353273354,0,B1
D1459,HTOL,150,4.5,40,836.2500421258197,0,B1
D1460,HTOL,150,4.5,40,468.1596868451749,0,B3
D1461,HTOL,150,4.5,40,758.9588524276825,0,B1
D1462,HTOL,150,4.5,40,350.51688931238874,0,B2
D1463,HTOL,150,4.5,40,486.5424836547855,0,B4
D1464,HTOL,150,4.5,40,1355.8130182489194,0,B2
D1465,HTOL,150,4.5,40,759.4979485790036,0,B1
D1466,HTOL,150,4.5,40,426.9311200448907,0,B1
D1467,HTOL,150,4.5,40,626.2173071893124,0,B1
D1468,HTOL,150,4.5,40,565.7721280870007,0,B2
D1469,HTOL,150,4.5,40,204.64039937944813,0,B4
D1470,HTOL,150,4.5,40,822.4819249241012,0,B3
D1471,HTOL,150,4.5,40,361.9857447002498,0,B3
D1472,HTOL,150,4.5,40,391.5105406765997,0,B2
D1473,HTOL,150,4.5,40,670.2180551005447,0,B1
D1474,HTOL,150,4.5,40,356.7111346605546,0,B4
D1475,HTOL,150,4.5,40,397.14610372810085,0,B4
D1476,HTOL,150,4.5,40,365.60600305571967,0,B1
D1477,HTOL,150,4.5,40,357.32994626168187,0,B4
D1478,HTOL,150,4.5,40,255.82714421167384,0,B3
D1479,HTOL,150,4.5,40,481.0252948210261,0,B4
D1480,HTOL,150,4.5,40,600.2486977611528,0,B4
D1481,HTOL,150,4.5,40,613.0723617806344,0,B3
D1482,HTOL,150,4.5,40,269.0596502337928,0,B4
D1483,HTOL,150,4.5,40,186.4152934998664,0,B4
D1484,HTOL,150,4.5,40,869.1572737506198,0,B2
D1485,HTOL,150,4.5,40,286.036724788194,0,B4
D1486,HTOL,150,4.5,40,369.4585924568577,0,B4
D1487,HTOL,150,4.5,40,444.3021674694139,0,B3
D1488,HTOL,150,4.5,40,714.3024909648973,0,B2
D1489,HTOL,150,4.5,40,792.034651835549,0,B3
D1490,HTOL,150,4.5,40,299.73738427031657,0,B2
D1491,HTOL,150,4.5,40,877.7143741479304,0,B1
D1492,HTOL,150,4.5,40,501.2468411775995,0,B2
D1493,HTOL,150,4.5,40,327.61413448729104,0,B3
D1494,HTOL,150,4.5,40,422.0144142123095,0,B1
D1495,HTOL,150,4.5,40,579.0719318860442,0,B4
D1496,HTOL,150,4.5,40,225.2552430026524,0,B2
D1497,HTOL,150,4.5,40,742.9225199772916,0,B4
D1498,HTOL,150,4.5,40,449.5854688792005,0,B1
D1499,HTOL,150,4.5,40,562.091437124841,0,B3
D1500,HTOL,150,4.5,40,784.0533732519228,0,B4
D1501,HTOL,150,4.5,40,238.6533908563732,0,B4
D1502,HTOL,150,4.5,40,361.9578913699431,0,B3
D1503,HTOL,150,4.5,40,383.6701400369053,0,B4
D1504,HTOL,150,4.5,40,307.5424761473616,0,B2
D1505,HTOL,150,4.5,40,748.94802799503,0,B1
D1506,HTOL,150,4.5,40,512.3605334794173,0,B4
D1507,HTOL,150,4.5,40,161.22623370369269,0,B1
D1508,HTOL,150,4.5,40,558.559612581245,0,B4
D1509,HTOL,150,4.5,40,567.088787529451,0,B2
D1510,HTOL,150,4.5,40,628.2175503645043,0,B1
D1511,HTOL,150,4.5,40,529.5223418852219,0,B3
D1512,HTOL,150,4.5,40,656.4951880790807,0,B2
D1513,HTOL,150,4.5,40,286.1632976884861,0,B2
D1514,HTOL,150,4.5,40,428.5201366386677,0,B1
D1515,HTOL,150,4.5,40,196.77623527355448,0,B2
D1516,HTOL,150,4.5,40,585.6651187491831,0,B1
D1517,HTOL,150,4.5,40,765.8213140957358,0,B1
D1518,HTOL,150,4.5,40,374.84753108363816,0,B2
D1519,HTOL,150,4.5,40,610.259163089107,0,B4
D1520,HTOL,150,4.5,40,761.085792813577,0,B3
D1521,HTOL,150,4.5,40,473.4132857242221,0,B2
D1522,HTOL,150,4.5,40,573.0986782845192,0,B4
D1523,HTOL,150,4.5,40,633.7858682238882,0,B3
D1524,HTOL,150,4.5,40,647.2686602598576,0,B4
D1525,HTOL,150,4.5,40,495.6116086725188,0,B4
D1526,HTOL,150,4.5,40,331.25967502823266,0,B1
D1527,HTOL,150,4.5,40,434.114256787298,0,B1
D1528,HTOL,150,4.5,40,99.24133577184266,0,B4
D1529,HTOL,150,4.5,40,503.1627732662439,0,B2
D1530,HTOL,150,4.5,40,334.14644521191354,0,B3
D1531,HTOL,150,4.5,40,353.36523687591205,0,B3
D1532,HTOL,150,4.5,40,542.052221669543,0,B1
D1533,HTOL,150,4.5,40,742.7008363812567,0,B1
D1534,HTOL,150,4.5,40,834.8463377891636,0,B4
D1535,HTOL,150,4.5,40,657.2925160695792,0,B4
D1536,HTOL,150,4.5,40,639.9599242700203,0,B4
D1537,HTOL,150,4.5,40,1569.8845871957358,0,B2
D1538,HTOL,150,4.5,40,194.3533180564637,0,B3
D1539,HTOL,150,4.5,40,125.46889148189764,0,B3
D1540,HTOL,150,4.5,40,926.5518393415804,0,B3
D1541,HTOL,150,4.5,40,748.1732802692216,0,B3
D1542,HTOL,150,4.5,40,347.7914279635162,0,B2
D1543,HTOL,150,4.5,40,220.8400335613673,0,B4
D1544,HTOL,150,4.5,40,263.30101018353014,0,B1
D1545,HTOL,150,4.5,40,839.7371720071351,0,B4
D1546,HTOL,150,4.5,40,327.46770660660934,0,B2
D1547,HTOL,150,4.5,40,446.62963063670594,0,B3
D1548,HTOL,150,4.5,40,196.31214924187825,0,B2
D1549,HTOL,150,4.5,40,310.03404968747765,0,B2
D1550,HTOL,150,4.5,40,107.16173449256068,0,B3
D1551,HTOL,150,4.5,40,275.36778857163057,0,B1
D1552,HTOL,150,4.5,40,779.1360354395632,0,B2
D1553,HTOL,150,4.5,40,345.38554358468696,0,B3
D1554,HTOL,150,4.5,40,107.83818788023,0,B3
D1555,HTOL,150,4.5,40,104.38931283980249,0,B3
D1556,HTOL,150,4.5,40,853.7555112475017,0,B2
D1557,HTOL,150,4.5,40,601.3350796278049,0,B2
D1558,HTOL,150,4.5,40,427.51637130268216,0,B2
D1559,HTOL,150,4.5,40,299.7019739845602,0,B3
D1560,HTOL,150,4.5,40,576.4941906577727,0,B2
D1561,HTOL,150,4.5,40,530.6161553080683,0,B4
D1562,HTOL,150,4.5,40,750.1899377986541,0,B4
D1563,HTOL,150,4.5,40,185.6162003364092,0,B3
D1564,HTOL,150,4.5,40,230.0870672157321,0,B3
D1565,HTOL,150,4.5,40,556.2266199145968,0,B4
D1566,HTOL,150,4.5,40,234.1764816556151,0,B2
D1567,HTOL,150,4.5,40,481.6797050998204,0,B2
D1568,HTOL,150,4.5,40,457.5671050605767,0,B3
D1569,HTOL,150,4.5,40,311.83911619497746,0,B3
D1570,HTOL,150,4.5,40,190.41614465228727,0,B4
D1571,HTOL,150,4.5,40,449.8633315573038,0,B3
D1572,HTOL,150,4.5,40,391.5578458261052,0,B4
D1573,HTOL,150,4.5,40,259.9501074206937,0,B3
D1574,HTOL,150,4.5,40,331.9385247553035,0,B3
D1575,HTOL,150,4.5,40,393.3491465500872,0,B1
D1576,HTOL,150,4.5,40,208.20743893776373,0,B1
D1577,HTOL,150,4.5,40,613.039488973053,0,B4
D1578,HTOL,150,4.5,40,125.31151940853503,0,B3
D1579,HTOL,150,4.5,40,937.734541480127,0,B1
D1580,HTOL,150,4.5,40,750.2347586414035,0,B4
D1581,HTOL,150,4.5,40,429.0967684885802,0,B3
D1582,HTOL,150,4.5,40,371.6121561076064,0,B4
D1583,HTOL,150,4.5,40,794.2219073232678,0,B2
D1584,HTOL,150,4.5,40,180.40524212153937,0,B3
D1585,HTOL,150,4.5,40,487.2160117898376,0,B3
D1586,HTOL,150,4.5,40,505.6897838726448,0,B1
D1587,HTOL,150,4.5,40,443.5594746049837,0,B1
D1588,HTOL,150,4.5,40,1077.5018087838555,0,B3
D1589,HTOL,150,4.5,40,877.5612425671786,0,B3
D1590,HTOL,150,4.5,40,165.7089923219488,0,B1
D1591,HTOL,150,4.5,40,561.31093086444,0,B1
D1592,HTOL,150,4.5,40,270.3541728146752,0,B1
D1593,HTOL,150,4.5,40,530.5944528271104,0,B3
D1594,HTOL,150,4.5,40,316.20201930359787,0,B1
D1595,HTOL,150,4.5,40,574.9409955861852,0,B1
D1596,HTOL,150,4.5,40,471.157216517336,0,B3
D1597,HTOL,150,4.5,40,931.310752077326,0,B4
D1598,HTOL,150,4.5,40,660.3991032428335,0,B2
D1599,HTOL,150,4.5,40,182.61628462873148,0,B1
D1600,HTOL,150,4.5,40,801.4897448584301,0,B2
D1601,HTOL,150,5.0,40,384.6401734570781,0,B1
D1602,HTOL,150,5.0,40,692.1054980672054,0,B2
D1603,HTOL,150,5.0,40,536.9357661114757,0,B4
D1604,HTOL,150,5.0,40,425.0932643558973,0,B3
D1605,HTOL,150,5.0,40,484.2301794259355,0,B3
D1606,HTOL,150,5.0,40,473.0173168985698,0,B4
D1607,HTOL,150,5.0,40,357.6716370912231,0,B3
D1608,HTOL,150,5.0,40,225.619421468804,0,B4
D1609,HTOL,150,5.0,40,698.007623542302,0,B1
D1610,HTOL,150,5.0,40,388.2306992049008,0,B1
D1611,HTOL,150,5.0,40,717.4608407844909,0,B2
D1612,HTOL,150,5.0,40,439.60597617508137,0,B1
D1613,HTOL,150,5.0,40,373.9421217262434,0,B1
D1614,HTOL,150,5.0,40,266.95549754173953,0,B3
D1615,HTOL,150,5.0,40,381.6651080051959,0,B1
D1616,HTOL,150,5.0,40,204.50374192925,0,B1
D1617,HTOL,150,5.0,40,514.1715704862231,0,B2
D1618,HTOL,150,5.0,40,753.6631596468535,0,B4
D1619,HTOL,150,5.0,40,751.604794569518,0,B4
D1620,HTOL,150,5.0,40,547.7128298872576,0,B1
D1621,HTOL,150,5.0,40,506.53640584859625,0,B3
D1622,HTOL,150,5.0,40,288.1965612901192,0,B2
D1623,HTOL,150,5.0,40,342.85747952579584,0,B1
D1624,HTOL,150,5.0,40,498.2701910227011,0,B2
D1625,HTOL,150,5.0,40,169.47068163461344,0,B2
D1626,HTOL,150,5.0,40,108.1739393523399,0,B3
D1627,HTOL,150,5.0,40,311.9724486001973,0,B1
D1628,HTOL,150,5.0,40,139.31757970465122,0,B4
D1629,HTOL,150,5.0,40,220.2685810432931,0,B1
D1630,HTOL,150,5.0,40,492.0129411352664,0,B3
D1631,HTOL,150,5.0,40,787.7087437379565,0,B4
D1632,HTOL,150,5.0,40,204.6885013675049,0,B4
D1633,HTOL,150,5.0,40,717.0319242131687,0,B2
D1634,HTOL,150,5.0,40,448.1032874702772,0,B1
D1635,HTOL,150,5.0,40,549.376892668137,0,B4
D1636,HTOL,150,5.0,40,253.5192418502872,0,B2
D1637,HTOL,150,5.0,40,88.37443798536727,0,B3
D1638,HTOL,150,5.0,40,456.9905241267818,0,B2
D1639,HTOL,150,5.0,40,233.82251891747725,0,B1
D1640,HTOL,150,5.0,40,414.0083217626175,0,B2
D1641,HTOL,150,5.0,40,589.104197199891,0,B2
D1642,HTOL,150,5.0,40,678.5115148989477,0,B2
D1643,HTOL,150,5.0,40,530.1405780243036,0,B4
D1644,HTOL,150,5.0,40,491.958548677059,0,B3
D1645,HTOL,150,5.0,40,517.4322175896183,0,B1
D1646,HTOL,150,5.0,40,412.59526823602266,0,B3
D1647,HTOL,150,5.0,40,679.8358282439175,0,B2
D1648,HTOL,150,5.0,40,295.07937115430497,0,B3
D1649,HTOL,150,5.0,40,276.8163264583624,0,B4
D1650,HTOL,150,5.0,40,220.83963673903543,0,B1
D1651,HTOL,150,5.0,40,193.6265221669284,0,B1
D1652,HTOL,150,5.0,40,723.7377410998782,0,B2
D1653,HTOL,150,5.0,40,468.4889363784195,0,B3
D1654,HTOL,150,5.0,40,523.7138452951832,0,B1
D1655,HTOL,150,5.0,40,615.3696227218212,0,B4
D1656,HTOL,150,5.0,40,425.1529716662247,0,B3
D1657,HTOL,150,5.0,40,664.063042222462,0,B2
D1658,HTOL,150,5.0,40,159.68358985190437,0,B4
D1659,HTOL,150,5.0,40,271.6816172141749,0,B1
D1660,HTOL,150,5.0,40,616.5465613197407,0,B4
D1661,HTOL,150,5.0,40,428.1296103471692,0,B1
D1662,HTOL,150,5.0,40,861.9187325483865,0,B2
D1663,HTOL,150,5.0,40,467.8122449352812,0,B1
D1664,HTOL,150,5.0,40,464.4275527143654,0,B4
D1665,HTOL,150,5.0,40,686.4763491307822,0,B2
D1666,HTOL,150,5.0,40,228.66809587648933,0,B1
D1667,HTOL,150,5.0,40,849.0300798825772,0,B4
D1668,HTOL,150,5.0,40,278.8627184009356,0,B3
D1669,HTOL,150,5.0,40,65.77190690742877,0,B2
D1670,HTOL,150,5.0,40,330.30915138789936,0,B1
D1671,HTOL,150,5.0,40,534.01030925987,0,B4
D1672,HTOL,150,5.0,40,363.029165122415,0,B2
D1673,HTOL,150,5.0,40,652.7204115762937,0,B1
D1674,HTOL,150,5.0,40,584.9510631778662,0,B2
D1675,HTOL,150,5.0,40,651.4080863116061,0,B1
D1676,HTOL,150,5.0,40,540.4444770555872,0,B4
D1677,HTOL,150,5.0,40,520.3324529725423,0,B4
D1678,HTOL,150,5.0,40,514.7521157169137,0,B4
D1679,HTOL,150,5.0,40,206.38814951803403,0,B2
D1680,HTOL,150,5.0,40,548.931747656248,0,B1
D1681,HTOL,150,5.0,40,519.8600930868395,0,B2
D1682,HTOL,150,5.0,40,867.750767931695,0,B4
D1683,HTOL,150,5.0,40,415.2461450680527,0,B2
D1684,HTOL,150,5.0,40,436.9419728770196,0,B1
D1685,HTOL,150,5.0,40,1046.2579070335748,0,B4
D1686,HTOL,150,5.0,40,219.14744730033863,0,B1
D1687,HTOL,150,5.0,40,232.74914909102287,0,B2
D1688,HTOL,150,5.0,40,378.91232793459153,0,B1
D1689,HTOL,150,5.0,40,800.9112848767498,0,B2
D1690,HTOL,150,5.0,40,604.0674845005362,0,B3
D1691,HTOL,150,5.0,40,549.3251930337834,0,B2
D1692,HTOL,150,5.0,40,175.76696489703758,0,B1
D1693,HTOL,150,5.0,40,98.05588865350784,0,B4
D1694,HTOL,150,5.0,40,361.6395560049661,0,B1
D1695,HTOL,150,5.0,40,490.05632108666936,0,B1
D1696,HTOL,150,5.0,40,532.7724415258983,0,B1
D1697,HTOL,150,5.0,40,364.0726033279096,0,B4
D1698,HTOL,150,5.0,40,613.2948161631114,0,B4
D1699,HTOL,150,5.0,40,498.93100217249577,0,B3
D1700,HTOL,150,5.0,40,387.233771750847,0,B3
D1701,HTOL,150,5.0,40,302.8433515184375,0,B1
D1702,HTOL,150,5.0,40,238.47079986714223,0,B3
D1703,HTOL,150,5.0,40,504.0420368871513,0,B2
D1704,HTOL,150,5.0,40,544.1651030794164,0,B2
D1705,HTOL,150,5.0,40,209.95386800398043,0,B4
D1706,HTOL,150,5.0,40,393.4084056639428,0,B2
D1707,HTOL,150,5.0,40,477.0169611516154,0,B3
D1708,HTOL,150,5.0,40,595.6901152759118,0,B1
D1709,HTOL,150,5.0,40,186.9986438324066,0,B3
D1710,HTOL,150,5.0,40,487.4877573225365,0,B1
D1711,HTOL,150,5.0,40,719.1128011189269,0,B1
D1712,HTOL,150,5.0,40,514.7417188229873,0,B3
D1713,HTOL,150,5.0,40,210.2818349312594,0,B3
D1714,HTOL,150,5.0,40,132.53617481334103,0,B1
D1715,HTOL,150,5.0,40,403.42366690092894,0,B3
D1716,HTOL,150,5.0,40,196.57785723660672,0,B3
D1717,HTOL,150,5.0,40,305.8956157452257,0,B1
D1718,HTOL,150,5.0,40,250.8555308399379,0,B2
D1719,HTOL,150,5.0,40,604.9225511000967,0,B4
D1720,HTOL,150,5.0,40,736.7046815513543,0,B1
D1721,HTOL,150,5.0,40,604.4081049142583,0,B3
D1722,HTOL,150,5.0,40,418.0198158868605,0,B4
D1723,HTOL,150,5.0,40,659.0864280928433,0,B4
D1724,HTOL,150,5.0,40,678.8164898718527,0,B3
D1725,HTOL,150,5.0,40,758.0126933496404,0,B4
D1726,HTOL,150,5.0,40,607.0509514347856,0,B1
D1727,HTOL,150,5.0,40,222.65261361438584,0,B3
D1728,HTOL,150,5.0,40,241.50922030526644,0,B3
D1729,HTOL,150,5.0,40,422.5782790435384,0,B1
D1730,HTOL,150,5.0,40,569.6440615197176,0,B2
D1731,HTOL,150,5.0,40,192.6470756959713,0,B1
D1732,HTOL,150,5.0,40,544.500923723177,0,B1
D1733,HTOL,150,5.0,40,284.6687273737024,0,B3
D1734,HTOL,150,5.0,40,302.47882975496407,0,B4
D1735,HTOL,150,5.0,40,447.2871463452385,0,B2
D1736,HTOL,150,5.0,40,867.7956312589114,0,B2
D1737,HTOL,150,5.0,40,571.929637850889,0,B4
D1738,HTOL,150,5.0,40,836.4602186875571,0,B3
D1739,HTOL,150,5.0,40,481.65221309542017,0,B3
D1740,HTOL,150,5.0,40,758.5652677847148,0,B3
D1741,HTOL,150,5.0,40,320.4773795810444,0,B3
D1742,HTOL,150,5.0,40,415.4269274503705,0,B1
D1743,HTOL,150,5.0,40,943.5388139765572,0,B2
D1744,HTOL,150,5.0,40,650.9412731110218,0,B3
D1745,HTOL,150,5.0,40,304.74158373214226,0,B1
D1746,HTOL,150,5.0,40,173.98792328282633,0,B4
D1747,HTOL,150,5.0,40,670.2778151754267,0,B4
D1748,HTOL,150,5.0,40,597.0999193919442,0,B3
D1749,HTOL,150,5.0,40,741.4372249100222,0,B2
D1750,HTOL,150,5.0,40,682.6351595130398,0,B3
D1751,HTOL,150,5.0,40,826.2006087752725,0,B2
D1752,HTOL,150,5.0,40,119.67458797340724,0,B4
D1753,HTOL,150,5.0,40,388.6799755110332,0,B3
D1754,HTOL,150,5.0,40,423.62359624450886,0,B3
D1755,HTOL,150,5.0,40,468.2807023547964,0,B3
D1756,HTOL,150,5.0,40,86.76334594394167,0,B2
D1757,HTOL,150,5.0,40,893.6880125248769,0,B4
D1758,HTOL,150,5.0,40,687.0574581724009,0,B2
D1759,HTOL,150,5.0,40,392.1651607721444,0,B4
D1760,HTOL,150,5.0,40,526.9818301458209,0,B2
D1761,HTOL,150,5.0,40,591.9265042658743,0,B1
D1762,HTOL,150,5.0,40,171.49534487733817,0,B3
D1763,HTOL,150,5.0,40,306.2028597390985,0,B3
D1764,HTOL,150,5.0,40,536.9656191862407,0,B4
D1765,HTOL,150,5.0,40,620.293675455503,0,B3
D1766,HTOL,150,5.0,40,565.251915570404,0,B1
D1767,HTOL,150,5.0,40,637.6455875161308,0,B3
D1768,HTOL,150,5.0,40,737.1042017312233,0,B1
D1769,HTOL,150,5.0,40,584.1132534345568,0,B1
D1770,HTOL,150,5.0,40,633.2702280628753,0,B4
D1771,HTOL,150,5.0,40,440.0447392590761,0,B3
D1772,HTOL,150,5.0,40,450.96289458710544,0,B4
D1773,HTOL,150,5.0,40,93.74330999803686,0,B3
D1774,HTOL,150,5.0,40,502.6463966591514,0,B2
D1775,HTOL,150,5.0,40,274.76600824577605,0,B3
D1776,HTOL,150,5.0,40,318.2690995145057,0,B4
D1777,HTOL,150,5.0,40,672.4972005811788,0,B2
D1778,HTOL,150,5.0,40,96.17690896841071,0,B1
D1779,HTOL,150,5.0,40,301.187598116174,0,B2
D1780,HTOL,150,5.0,40,650.9592886142531,0,B4
D1781,HTOL,150,5.0,40,678.0351081775838,0,B4
D1782,HTOL,150,5.0,40,432.2445531976812,0,B1
D1783,HTOL,150,5.0,40,327.30569102840303,0,B1
D1784,HTOL,150,5.0,40,350.4234217543708,0,B2
D1785,HTOL,150,5.0,40,816.2347355726124,0,B2
D1786,HTOL,150,5.0,40,340.9028088605066,0,B2
D1787,HTOL,150,5.0,40,962.0353750081026,0,B3
D1788,HTOL,150,5.0,40,748.5503097522736,0,B2
D1789,HTOL,150,5.0,40,529.0401270423646,0,B2
D1790,HTOL,150,5.0,40,975.934176391312,0,B4
D1791,HTOL,150,5.0,40,435.2618399978636,0,B3
D1792,HTOL,150,5.0,40,274.10804673710817,0,B3
D1793,HTOL,150,5.0,40,720.9866732837245,0,B2
D1794,HTOL,150,5.0,40,838.8284019832579,0,B4
D1795,HTOL,150,5.0,40,892.862682995285,0,B3
D1796,HTOL,150,5.0,40,128.88706712368264,0,B2
D1797,HTOL,150,5.0,40,540.6560665219399,0,B1
D1798,HTOL,150,5.0,40,646.8092725899243,0,B1
D1799,HTOL,150,5.0,40,391.9273430539594,0,B3
D1800,HTOL,150,5.0,40,694.4115738658221,0,B4
D1801,THB,85,3.3,85,1500.0,1,B1
D1802,THB,85,3.3,85,1500.0,1,B1
D1803,THB,85,3.3,85,286.5527535284196,0,B3
D1804,THB,85,3.3,85,1500.0,1,B1
D1805,THB,85,3.3,85,1500.0,1,B3
D1806,THB,85,3.3,85,1111.744018261737,0,B1
D1807,THB,85,3.3,85,838.6975679009829,0,B4
D1808,THB,85,3.3,85,1500.0,1,B3
D1809,THB,85,3.3,85,1500.0,1,B4
D1810,THB,85,3.3,85,1500.0,1,B3
D1811,THB,85,3.3,85,1500.0,1,B1
D1812,THB,85,3.3,85,1500.0,1,B3
D1813,THB,85,3.3,85,1500.0,1,B4
D1814,THB,85,3.3,85,1500.0,1,B1
D1815,THB,85,3.3,85,1500.0,1,B1
D1816,THB,85,3.3,85,1500.0,1,B4
D1817,THB,85,3.3,85,1500.0,1,B4
D1818,THB,85,3.3,85,1500.0,1,B1
D1819,THB,85,3.3,85,1500.0,1,B3
D1820,THB,85,3.3,85,1500.0,1,B4
D1821,THB,85,3.3,85,1500.0,1,B4
D1822,THB,85,3.3,85,1500.0,1,B3
D1823,THB,85,3.3,85,1500.0,1,B3
D1824,THB,85,3.3,85,1079.3618816989988,0,B3
D1825,THB,85,3.3,85,787.5465239320326,0,B2
D1826,THB,85,3.3,85,1500.0,1,B3
D1827,THB,85,3.3,85,1500.0,1,B4
D1828,THB,85,3.3,85,358.47044469769617,0,B4
D1829,THB,85,3.3,85,1500.0,1,B3
D1830,THB,85,3.3,85,1500.0,1,B1
D1831,THB,85,3.3,85,1500.0,1,B3
D1832,THB,85,3.3,85,1379.9942317400953,0,B1
D1833,THB,85,3.3,85,1500.0,1,B3
D1834,THB,85,3.3,85,1500.0,1,B1
D1835,THB,85,3.3,85,1401.0732297321435,0,B4
D1836,THB,85,3.3,85,1500.0,1,B3
D1837,THB,85,3.3,85,1500.0,1,B4
D1838,THB,85,3.3,85,1500.0,1,B3
D1839,THB,85,3.3,85,1500.0,1,B1
D1840,THB,85,3.3,85,1500.0,1,B4
D1841,THB,85,3.3,85,1500.0,1,B4
D1842,THB,85,3.3,85,1500.0,1,B4
D1843,THB,85,3.3,85,1500.0,1,B4
D1844,THB,85,3.3,85,1500.0,1,B2
D1845,THB,85,3.3,85,1500.0,1,B3
D1846,THB,85,3.3,85,1500.0,1,B1
D1847,THB,85,3.3,85,1500.0,1,B3
D1848,THB,85,3.3,85,1500.0,1,B2
D1849,THB,85,3.3,85,1500.0,1,B1
D1850,THB,85,3.3,85,1500.0,1,B3
D1851,THB,85,3.3,85,575.8088031578538,0,B3
D1852,THB,85,3.3,85,1500.0,1,B2
D1853,THB,85,3.3,85,1500.0,1,B1
D1854,THB,85,3.3,85,1500.0,1,B2
D1855,THB,85,3.3,85,1500.0,1,B2
D1856,THB,85,3.3,85,1500.0,1,B4
D1857,THB,85,3.3,85,1500.0,1,B2
D1858,THB,85,3.3,85,447.6682410721292,0,B3
D1859,THB,85,3.3,85,1500.0,1,B3
D1860,THB,85,3.3,85,1500.0,1,B3
D1861,THB,85,3.3,85,1500.0,1,B4
D1862,THB,85,3.3,85,1500.0,1,B3
D1863,THB,85,3.3,85,1500.0,1,B4
D1864,THB,85,3.3,85,1500.0,1,B1
D1865,THB,85,3.3,85,1500.0,1,B3
D1866,THB,85,3.3,85,962.6261031726692,0,B2
D1867,THB,85,3.3,85,1500.0,1,B1
D1868,THB,85,3.3,85,1500.0,1,B3
D1869,THB,85,3.3,85,1500.0,1,B2
D1870,THB,85,3.3,85,755.9520542924386,0,B1
D1871,THB,85,3.3,85,471.5480452252236,0,B2
D1872,THB,85,3.3,85,704.4482480825427,0,B2
D1873,THB,85,3.3,85,1500.0,1,B4
D1874,THB,85,3.3,85,1500.0,1,B2
D1875,THB,85,3.3,85,1500.0,1,B4
D1876,THB,85,3.3,85,1500.0,1,B2
D1877,THB,85,3.3,85,1500.0,1,B2
D1878,THB,85,3.3,85,1500.0,1,B1
D1879,THB,85,3.3,85,1500.0,1,B3
D1880,THB,85,3.3,85,1500.0,1,B3
D1881,THB,85,3.3,85,1500.0,1,B3
D1882,THB,85,3.3,85,1500.0,1,B3
D1883,THB,85,3.3,85,1500.0,1,B2
D1884,THB,85,3.3,85,1500.0,1,B3
D1885,THB,85,3.3,85,1500.0,1,B1
D1886,THB,85,3.3,85,1500.0,1,B3
D1887,THB,85,3.3,85,1500.0,1,B3
D1888,THB,85,3.3,85,1500.0,1,B4
D1889,THB,85,3.3,85,1030.888150603006,0,B4
D1890,THB,85,3.3,85,1500.0,1,B4
D1891,THB,85,3.3,85,1500.0,1,B2
D1892,THB,85,3.3,85,1500.0,1,B1
D1893,THB,85,3.3,85,1500.0,1,B2
D1894,THB,85,3.3,85,1500.0,1,B4
D1895,THB,85,3.3,85,1198.466645813572,0,B2
D1896,THB,85,3.3,85,1500.0,1,B4
D1897,THB,85,3.3,85,1500.0,1,B2
D1898,THB,85,3.3,85,1500.0,1,B4
D1899,THB,85,3.3,85,1500.0,1,B3
D1900,THB,85,3.3,85,1500.0,1,B2
D1901,THB,85,3.3,85,1149.3176190049844,0,B3
D1902,THB,85,3.3,85,1500.0,1,B4
D1903,THB,85,3.3,85,1500.0,1,B1
D1904,THB,85,3.3,85,1500.0,1,B3
D1905,THB,85,3.3,85,1500.0,1,B4
D1906,THB,85,3.3,85,1500.0,1,B3
D1907,THB,85,3.3,85,564.8568240187097,0,B4
D1908,THB,85,3.3,85,1500.0,1,B4
D1909,THB,85,3.3,85,1500.0,1,B2
D1910,THB,85,3.3,85,1500.0,1,B1
D1911,THB,85,3.3,85,1500.0,1,B4
D1912,THB,85,3.3,85,1500.0,1,B1
D1913,THB,85,3.3,85,1500.0,1,B2
D1914,THB,85,3.3,85,1500.0,1,B2
D1915,THB,85,3.3,85,1500.0,1,B1
D1916,THB,85,3.3,85,1500.0,1,B4
D1917,THB,85,3.3,85,1500.0,1,B2
D1918,THB,85,3.3,85,1500.0,1,B4
D1919,THB,85,3.3,85,1500.0,1,B3
D1920,THB,85,3.3,85,1500.0,1,B3
D1921,THB,85,3.3,85,1500.0,1,B3
D1922,THB,85,3.3,85,1500.0,1,B1
D1923,THB,85,3.3,85,1500.0,1,B3
D1924,THB,85,3.3,85,1500.0,1,B2
D1925,THB,85,3.3,85,617.9090174914811,0,B3
D1926,THB,85,3.3,85,1500.0,1,B3
D1927,THB,85,3.3,85,1500.0,1,B2
D1928,THB,85,3.3,85,1500.0,1,B1
D1929,THB,85,3.3,85,1500.0,1,B4
D1930,THB,85,3.3,85,1213.1812218635234,0,B1
D1931,THB,85,3.3,85,1500.0,1,B2
D1932,THB,85,3.3,85,1500.0,1,B3
D1933,THB,85,3.3,85,911.2822493200435,0,B2
D1934,THB,85,3.3,85,1500.0,1,B4
D1935,THB,85,3.3,85,1500.0,1,B1
D1936,THB,85,3.3,85,1500.0,1,B3
D1937,THB,85,3.3,85,1495.7009876743596,0,B2
D1938,THB,85,3.3,85,1500.0,1,B4
D1939,THB,85,3.3,85,1500.0,1,B2
D1940,THB,85,3.3,85,1500.0,1,B3
D1941,THB,85,3.3,85,1500.0,1,B1
D1942,THB,85,3.3,85,1500.0,1,B3
D1943,THB,85,3.3,85,1500.0,1,B1
D1944,THB,85,3.3,85,1500.0,1,B3
D1945,THB,85,3.3,85,1500.0,1,B1
D1946,THB,85,3.3,85,1500.0,1,B2
D1947,THB,85,3.3,85,1500.0,1,B1
D1948,THB,85,3.3,85,1500.0,1,B2
D1949,THB,85,3.3,85,1500.0,1,B2
D1950,THB,85,3.3,85,1500.0,1,B1
D1951,THB,85,3.3,85,1500.0,1,B2
D1952,THB,85,3.3,85,1500.0,1,B1
D1953,THB,85,3.3,85,1500.0,1,B1
D1954,THB,85,3.3,85,1500.0,1,B2
D1955,THB,85,3.3,85,1500.0,1,B4
D1956,THB,85,3.3,85,1500.0,1,B4
D1957,THB,85,3.3,85,1500.0,1,B4
D1958,THB,85,3.3,85,1500.0,1,B4
D1959,THB,85,3.3,85,1500.0,1,B2
D1960,THB,85,3.3,85,1500.0,1,B1
D1961,THB,85,3.3,85,1500.0,1,B2
D1962,THB,85,3.3,85,1500.0,1,B2
D1963,THB,85,3.3,85,1500.0,1,B2
D1964,THB,85,3.3,85,1500.0,1,B2
D1965,THB,85,3.3,85,1500.0,1,B3
D1966,THB,85,3.3,85,1500.0,1,B1
D1967,THB,85,3.3,85,1500.0,1,B3
D1968,THB,85,3.3,85,1500.0,1,B4
D1969,THB,85,3.3,85,1173.9146804091722,0,B3
D1970,THB,85,3.3,85,1500.0,1,B4
D1971,THB,85,3.3,85,1500.0,1,B4
D1972,THB,85,3.3,85,1500.0,1,B3
D1973,THB,85,3.3,85,1500.0,1,B4
D1974,THB,85,3.3,85,1500.0,1,B4
D1975,THB,85,3.3,85,1500.0,1,B1
D1976,THB,85,3.3,85,1500.0,1,B1
D1977,THB,85,3.3,85,1500.0,1,B4
D1978,THB,85,3.3,85,1500.0,1,B4
D1979,THB,85,3.3,85,1371.6214425514777,0,B1
D1980,THB,85,3.3,85,1500.0,1,B4
D1981,THB,85,3.3,85,1500.0,1,B1
D1982,THB,85,3.3,85,1500.0,1,B4
D1983,THB,85,3.3,85,1500.0,1,B3
D1984,THB,85,3.3,85,1500.0,1,B1
D1985,THB,85,3.3,85,683.0151742659183,0,B2
D1986,THB,85,3.3,85,692.0086409776264,0,B3
D1987,THB,85,3.3,85,1500.0,1,B2
D1988,THB,85,3.3,85,1500.0,1,B3
D1989,THB,85,3.3,85,1500.0,1,B2
D1990,THB,85,3.3,85,1154.8372809406562,0,B3
D1991,THB,85,3.3,85,1500.0,1,B1
D1992,THB,85,3.3,85,1500.0,1,B1
D1993,THB,85,3.3,85,1500.0,1,B4
D1994,THB,85,3.3,85,1500.0,1,B2
D1995,THB,85,3.3,85,1500.0,1,B3
D1996,THB,85,3.3,85,1500.0,1,B4
D1997,THB,85,3.3,85,1500.0,1,B4
D1998,THB,85,3.3,85,1500.0,1,B4
D1999,THB,85,3.3,85,1500.0,1,B3
D2000,THB,85,3.3,85,1500.0,1,B2
D2001,TC,-40,0.0,40,265.7432330829012,0,B3
D2002,TC,-40,0.0,40,731.4197450798624,0,B3
D2003,TC,-40,0.0,40,1200.0,1,B4
D2004,TC,-40,0.0,40,1033.6613613271168,0,B4
D2005,TC,-40,0.0,40,218.47729855088025,0,B3
D2006,TC,-40,0.0,40,108.70124249502464,0,B3
D2007,TC,-40,0.0,40,1200.0,1,B4
D2008,TC,-40,0.0,40,1159.1201760334322,0,B1
D2009,TC,-40,0.0,40,772.1486963839768,0,B2
D2010,TC,-40,0.0,40,101.63286642442374,0,B3
D2011,TC,-40,0.0,40,739.7603356047292,0,B1
D2012,TC,-40,0.0,40,1200.0,1,B1
D2013,TC,-40,0.0,40,1200.0,1,B2
D2014,TC,-40,0.0,40,1200.0,1,B2
D2015,TC,-40,0.0,40,1186.364233296193,0,B2
D2016,TC,-40,0.0,40,1200.0,1,B1
D2017,TC,-40,0.0,40,1200.0,1,B1
D2018,TC,-40,0.0,40,1200.0,1,B1
D2019,TC,-40,0.0,40,1200.0,1,B4
D2020,TC,-40,0.0,40,370.8367247243838,0,B4
D2021,TC,-40,0.0,40,1200.0,1,B3
D2022,TC,-40,0.0,40,955.7508920666528,0,B1
D2023,TC,-40,0.0,40,354.3231614636207,0,B3
D2024,TC,-40,0.0,40,1200.0,1,B4
D2025,TC,-40,0.0,40,1200.0,1,B3
D2026,TC,-40,0.0,40,1200.0,1,B1
D2027,TC,-40,0.0,40,1200.0,1,B3
D2028,TC,-40,0.0,40,1200.0,1,B2
D2029,TC,-40,0.0,40,1182.5964221241463,0,B2
D2030,TC,-40,0.0,40,389.00917831213104,0,B4
D2031,TC,-40,0.0,40,616.7963243200196,0,B4
D2032,TC,-40,0.0,40,1200.0,1,B1
D2033,TC,-40,0.0,40,1200.0,1,B2
D2034,TC,-40,0.0,40,1200.0,1,B3
D2035,TC,-40,0.0,40,1200.0,1,B2
D2036,TC,-40,0.0,40,979.3388814476086,0,B1
D2037,TC,-40,0.0,40,1200.0,1,B3
D2038,TC,-40,0.0,40,1200.0,1,B1
D2039,TC,-40,0.0,40,1200.0,1,B4
D2040,TC,-40,0.0,40,1200.0,1,B1
D2041,TC,-40,0.0,40,669.6962815328899,0,B1
D2042,TC,-40,0.0,40,1200.0,1,B2
D2043,TC,-40,0.0,40,931.917509629893,0,B4
D2044,TC,-40,0.0,40,1200.0,1,B4
D2045,TC,-40,0.0,40,1200.0,1,B4
D2046,TC,-40,0.0,40,1093.631195420749,0,B3
D2047,TC,-40,0.0,40,1200.0,1,B1
D2048,TC,-40,0.0,40,1200.0,1,B2
D2049,TC,-40,0.0,40,1200.0,1,B1
D2050,TC,-40,0.0,40,1200.0,1,B2
D2051,TC,-40,0.0,40,1079.9906474442837,0,B3
D2052,TC,-40,0.0,40,1200.0,1,B3
D2053,TC,-40,0.0,40,1200.0,1,B2
D2054,TC,-40,0.0,40,1200.0,1,B2
D2055,TC,-40,0.0,40,195.9600002438402,0,B1
D2056,TC,-40,0.0,40,1013.89125736554,0,B4
D2057,TC,-40,0.0,40,1140.1231056426968,0,B3
D2058,TC,-40,0.0,40,1200.0,1,B4
D2059,TC,-40,0.0,40,1200.0,1,B4
D2060,TC,-40,0.0,40,191.47962194925225,0,B4
D2061,TC,-40,0.0,40,1200.0,1,B2
D2062,TC,-40,0.0,40,712.5907207932123,0,B4
D2063,TC,-40,0.0,40,1090.6926528987578,0,B3
D2064,TC,-40,0.0,40,785.3547488640642,0,B3
D2065,TC,-40,0.0,40,1200.0,1,B1
D2066,TC,-40,0.0,40,867.9048126790565,0,B2
D2067,TC,-40,0.0,40,1200.0,1,B3
D2068,TC,-40,0.0,40,546.7682989471933,0,B2
D2069,TC,-40,0.0,40,889.1877208677306,0,B4
D2070,TC,-40,0.0,40,966.8978897183588,0,B4
D2071,TC,-40,0.0,40,1200.0,1,B2
D2072,TC,-40,0.0,40,1200.0,1,B3
D2073,TC,-40,0.0,40,917.3733129398996,0,B1
D2074,TC,-40,0.0,40,1200.0,1,B1
D2075,TC,-40,0.0,40,899.242070484845,0,B1
D2076,TC,-40,0.0,40,1142.6604378159047,0,B2
D2077,TC,-40,0.0,40,1200.0,1,B4
D2078,TC,-40,0.0,40,1200.0,1,B2
D2079,TC,-40,0.0,40,376.302064756253,0,B4
D2080,TC,-40,0.0,40,1200.0,1,B2
D2081,TC,-40,0.0,40,797.1409277996102,0,B3
D2082,TC,-40,0.0,40,320.1482041156621,0,B3
D2083,TC,-40,0.0,40,1200.0,1,B2
D2084,TC,-40,0.0,40,234.7967101086645,0,B4
D2085,TC,-40,0.0,40,1200.0,1,B3
D2086,TC,-40,0.0,40,576.973426411339,0,B4
D2087,TC,-40,0.0,40,1180.609037371339,0,B1
D2088,TC,-40,0.0,40,752.9350678566245,0,B2
D2089,TC,-40,0.0,40,1200.0,1,B4
D2090,TC,-40,0.0,40,1162.726448611635,0,B1
D2091,TC,-40,0.0,40,1200.0,1,B3
D2092,TC,-40,0.0,40,1200.0,1,B3
D2093,TC,-40,0.0,40,1200.0,1,B2
D2094,TC,-40,0.0,40,1200.0,1,B3
D2095,TC,-40,0.0,40,142.45520694573713,0,B1
D2096,TC,-40,0.0,40,604.9241801646198,0,B3
D2097,TC,-40,0.0,40,1200.0,1,B4
D2098,TC,-40,0.0,40,1200.0,1,B4
D2099,TC,-40,0.0,40,1111.948508000491,0,B1
D2100,TC,-40,0.0,40,661.0501149747388,0,B3
D2101,TC,-40,0.0,40,477.78144230168334,0,B3
D2102,TC,-40,0.0,40,1200.0,1,B2
D2103,TC,-40,0.0,40,1200.0,1,B1
D2104,TC,-40,0.0,40,960.8261142693352,0,B4
D2105,TC,-40,0.0,40,1200.0,1,B1
D2106,TC,-40,0.0,40,1200.0,1,B4
D2107,TC,-40,0.0,40,1154.9010030899774,0,B4
D2108,TC,-40,0.0,40,1200.0,1,B3
D2109,TC,-40,0.0,40,1107.9185317193146,0,B3
D2110,TC,-40,0.0,40,1200.0,1,B1
D2111,TC,-40,0.0,40,965.1163071107112,0,B1
D2112,TC,-40,0.0,40,1200.0,1,B1
D2113,TC,-40,0.0,40,1200.0,1,B2
D2114,TC,-40,0.0,40,968.5131857689336,0,B4
D2115,TC,-40,0.0,40,1200.0,1,B3
D2116,TC,-40,0.0,40,515.4318586321004,0,B3
D2117,TC,-40,0.0,40,920.0913522772956,0,B4
D2118,TC,-40,0.0,40,1200.0,1,B2
D2119,TC,-40,0.0,40,852.9377573626905,0,B3
D2120,TC,-40,0.0,40,1200.0,1,B4
D2121,TC,-40,0.0,40,778.0171530054187,0,B3
D2122,TC,-40,0.0,40,707.7999885623125,0,B2
D2123,TC,-40,0.0,40,1200.0,1,B1
D2124,TC,-40,0.0,40,1200.0,1,B1
D2125,TC,-40,0.0,40,1200.0,1,B1
D2126,TC,-40,0.0,40,420.3261682063256,0,B1
D2127,TC,-40,0.0,40,409.1495046475994,0,B3
D2128,TC,-40,0.0,40,1200.0,1,B2
D2129,TC,-40,0.0,40,639.334121300279,0,B3
D2130,TC,-40,0.0,40,1200.0,1,B4
D2131,TC,-40,0.0,40,756.4073986579937,0,B2
D2132,TC,-40,0.0,40,1200.0,1,B4
D2133,TC,-40,0.0,40,767.3325579947189,0,B1
D2134,TC,-40,0.0,40,831.2694444050081,0,B4
D2135,TC,-40,0.0,40,941.1580327171678,0,B2
D2136,TC,-40,0.0,40,1200.0,1,B4
D2137,TC,-40,0.0,40,1200.0,1,B1
D2138,TC,-40,0.0,40,1200.0,1,B1
D2139,TC,-40,0.0,40,755.515407107404,0,B3
D2140,TC,-40,0.0,40,986.0003028123256,0,B4
D2141,TC,-40,0.0,40,1200.0,1,B4
D2142,TC,-40,0.0,40,809.9387067716299,0,B2
D2143,TC,-40,0.0,40,1200.0,1,B4
D2144,TC,-40,0.0,40,750.9786112514889,0,B4
D2145,TC,-40,0.0,40,1200.0,1,B3
D2146,TC,-40,0.0,40,513.1201383401592,0,B3
D2147,TC,-40,0.0,40,418.0324801987735,0,B2
D2148,TC,-40,0.0,40,633.4721797865159,0,B1
D2149,TC,-40,0.0,40,246.1601949576359,0,B4
D2150,TC,-40,0.0,40,1200.0,1,B1
D2151,TC,-40,0.0,40,601.2238373417349,0,B4
D2152,TC,-40,0.0,40,1200.0,1,B4
D2153,TC,-40,0.0,40,1200.0,1,B4
D2154,TC,-40,0.0,40,783.8918938454862,0,B1
D2155,TC,-40,0.0,40,1056.0940830530235,0,B3
D2156,TC,-40,0.0,40,1200.0,1,B1
D2157,TC,-40,0.0,40,1200.0,1,B4
D2158,TC,-40,0.0,40,708.6898180244684,0,B3
D2159,TC,-40,0.0,40,1200.0,1,B3
D2160,TC,-40,0.0,40,1200.0,1,B4
D2161,TC,-40,0.0,40,593.597540212481,0,B2
D2162,TC,-40,0.0,40,1200.0,1,B1
D2163,TC,-40,0.0,40,367.11032292163753,0,B4
D2164,TC,-40,0.0,40,1200.0,1,B1
D2165,TC,-40,0.0,40,361.9434503201284,0,B4
D2166,TC,-40,0.0,40,926.9000893188484,0,B1
D2167,TC,-40,0.0,40,1200.0,1,B2
D2168,TC,-40,0.0,40,590.3085397653956,0,B1
D2169,TC,-40,0.0,40,1200.0,1,B1
D2170,TC,-40,0.0,40,562.1438900971791,0,B4
D2171,TC,-40,0.0,40,1200.0,1,B2
D2172,TC,-40,0.0,40,1200.0,1,B1
D2173,TC,-40,0.0,40,289.1968356609487,0,B3
D2174,TC,-40,0.0,40,1047.1693278655189,0,B3
D2175,TC,-40,0.0,40,1200.0,1,B2
D2176,TC,-40,0.0,40,959.031378282955,0,B3
D2177,TC,-40,0.0,40,1200.0,1,B3
D2178,TC,-40,0.0,40,974.5892295965572,0,B2
D2179,TC,-40,0.0,40,1200.0,1,B2
D2180,TC,-40,0.0,40,1200.0,1,B2
D2181,TC,-40,0.0,40,410.4036281191353,0,B4
D2182,TC,-40,0.0,40,1200.0,1,B1
D2183,TC,-40,0.0,40,455.1140531500689,0,B1
D2184,TC,-40,0.0,40,1200.0,1,B3
D2185,TC,-40,0.0,40,1200.0,1,B4
D2186,TC,-40,0.0,40,1200.0,1,B1
D2187,TC,-40,0.0,40,1200.0,1,B4
D2188,TC,-40,0.0,40,1200.0,1,B1
D2189,TC,-40,0.0,40,1161.4197380226472,0,B3
D2190,TC,-40,0.0,40,1200.0,1,B1
D2191,TC,-40,0.0,40,651.7417945577048,0,B3
D2192,TC,-40,0.0,40,814.2286432486504,0,B4
D2193,TC,-40,0.0,40,621.5724132207263,0,B2
D2194,TC,-40,0.0,40,893.7179609685662,0,B3
D2195,TC,-40,0.0,40,741.9332320747641,0,B3
D2196,TC,-40,0.0,40,510.73673801293074,0,B4
D2197,TC,-40,0.0,40,770.2014069894153,0,B4
D2198,TC,-40,0.0,40,1071.5390560555395,0,B4
D2199,TC,-40,0.0,40,697.5689728728979,0,B2
D2200,TC,-40,0.0,40,1200.0,1,B3
D2201,TC,125,0.0,40,1200.0,1,B3
D2202,TC,125,0.0,40,975.6005827507062,0,B4
D2203,TC,125,0.0,40,950.4506666055044,0,B3
D2204,TC,125,0.0,40,536.0333358570223,0,B4
D2205,TC,125,0.0,40,1200.0,1,B1
D2206,TC,125,0.0,40,1050.0852996509589,0,B3
D2207,TC,125,0.0,40,1200.0,1,B3
D2208,TC,125,0.0,40,964.0264881249246,0,B2
D2209,TC,125,0.0,40,685.8094347508082,0,B2
D2210,TC,125,0.0,40,456.5649266107372,0,B2
D2211,TC,125,0.0,40,876.4727909087272,0,B3
D2212,TC,125,0.0,40,1200.0,1,B4
D2213,TC,125,0.0,40,1200.0,1,B4
D2214,TC,125,0.0,40,335.6016204431145,0,B3
D2215,TC,125,0.0,40,1200.0,1,B4
D2216,TC,125,0.0,40,1200.0,1,B2
D2217,TC,125,0.0,40,813.1631857796075,0,B3
D2218,TC,125,0.0,40,1200.0,1,B1
D2219,TC,125,0.0,40,1200.0,1,B2
D2220,TC,125,0.0,40,816.2202588834793,0,B1
D2221,TC,125,0.0,40,890.6473505686376,0,B1
D2222,TC,125,0.0,40,1184.342068483141,0,B3
D2223,TC,125,0.0,40,1200.0,1,B2
D2224,TC,125,0.0,40,911.9343392653112,0,B3
D2225,TC,125,0.0,40,659.261260917823,0,B2
D2226,TC,125,0.0,40,512.5399625660485,0,B3
D2227,TC,125,0.0,40,257.6324839493787,0,B2
D2228,TC,125,0.0,40,1200.0,1,B3
D2229,TC,125,0.0,40,1200.0,1,B4
D2230,TC,125,0.0,40,318.73200883588095,0,B1
D2231,TC,125,0.0,40,53.78461538378394,0,B1
D2232,TC,125,0.0,40,1200.0,1,B2
D2233,TC,125,0.0,40,49.50393711125367,0,B2
D2234,TC,125,0.0,40,729.2378354893527,0,B4
D2235,TC,125,0.0,40,1061.0908254281724,0,B1
D2236,TC,125,0.0,40,1200.0,1,B2
D2237,TC,125,0.0,40,895.292311589349,0,B1
D2238,TC,125,0.0,40,948.589394811272,0,B3
D2239,TC,125,0.0,40,490.9537536435436,0,B3
D2240,TC,125,0.0,40,1200.0,1,B3
D2241,TC,125,0.0,40,1200.0,1,B2
D2242,TC,125,0.0,40,671.4463052666246,0,B2
D2243,TC,125,0.0,40,1200.0,1,B1
D2244,TC,125,0.0,40,1006.0004253033638,0,B2
D2245,TC,125,0.0,40,1158.2546539745304,0,B1
D2246,TC,125,0.0,40,1200.0,1,B2
D2247,TC,125,0.0,40,733.3457764787615,0,B3
D2248,TC,125,0.0,40,1200.0,1,B2
D2249,TC,125,0.0,40,830.8242215554677,0,B2
D2250,TC,125,0.0,40,825.8404965869825,0,B2
D2251,TC,125,0.0,40,1200.0,1,B2
D2252,TC,125,0.0,40,1200.0,1,B2
D2253,TC,125,0.0,40,1200.0,1,B1
D2254,TC,125,0.0,40,406.95805610272,0,B3
D2255,TC,125,0.0,40,1200.0,1,B2
D2256,TC,125,0.0,40,1200.0,1,B2
D2257,TC,125,0.0,40,1200.0,1,B4
D2258,TC,125,0.0,40,1200.0,1,B2
D2259,TC,125,0.0,40,358.00492975309425,0,B3
D2260,TC,125,0.0,40,808.3087376626457,0,B2
D2261,TC,125,0.0,40,77.17863089526612,0,B3
D2262,TC,125,0.0,40,1200.0,1,B3
D2263,TC,125,0.0,40,1049.1499914993678,0,B1
D2264,TC,125,0.0,40,604.7467631488702,0,B2
D2265,TC,125,0.0,40,1200.0,1,B4
D2266,TC,125,0.0,40,1060.653046859034,0,B3
D2267,TC,125,0.0,40,1200.0,1,B2
D2268,TC,125,0.0,40,1200.0,1,B4
D2269,TC,125,0.0,40,1200.0,1,B4
D2270,TC,125,0.0,40,888.5278645508326,0,B4
D2271,TC,125,0.0,40,1200.0,1,B2
D2272,TC,125,0.0,40,238.37023532314217,0,B1
D2273,TC,125,0.0,40,586.6353895842223,0,B4
D2274,TC,125,0.0,40,632.1697070885647,0,B3
D2275,TC,125,0.0,40,319.2769467917745,0,B3
D2276,TC,125,0.0,40,1199.4980323988166,0,B4
D2277,TC,125,0.0,40,1200.0,1,B2
D2278,TC,125,0.0,40,1200.0,1,B2
D2279,TC,125,0.0,40,492.3671106963433,0,B3
D2280,TC,125,0.0,40,668.6845909891083,0,B3
D2281,TC,125,0.0,40,447.96427459751226,0,B4
D2282,TC,125,0.0,40,931.8138775180576,0,B4
D2283,TC,125,0.0,40,544.7510894728035,0,B3
D2284,TC,125,0.0,40,714.5609976176098,0,B1
D2285,TC,125,0.0,40,1200.0,1,B1
D2286,TC,125,0.0,40,1200.0,1,B4
D2287,TC,125,0.0,40,1200.0,1,B1
D2288,TC,125,0.0,40,1200.0,1,B2
D2289,TC,125,0.0,40,1200.0,1,B2
D2290,TC,125,0.0,40,1200.0,1,B2
D2291,TC,125,0.0,40,1051.1397994232211,0,B3
D2292,TC,125,0.0,40,1200.0,1,B4
D2293,TC,125,0.0,40,426.8693224852212,0,B1
D2294,TC,125,0.0,40,1200.0,1,B1
D2295,TC,125,0.0,40,1016.4634783456194,0,B2
D2296,TC,125,0.0,40,1200.0,1,B2
D2297,TC,125,0.0,40,1200.0,1,B4
D2298,TC,125,0.0,40,709.7587354928357,0,B1
D2299,TC,125,0.0,40,1200.0,1,B4
D2300,TC,125,0.0,40,396.4667845345677,0,B2
D2301,TC,125,0.0,40,286.1056221074097,0,B2
D2302,TC,125,0.0,40,595.0183934699073,0,B4
D2303,TC,125,0.0,40,592.8485140063736,0,B2
D2304,TC,125,0.0,40,1023.495360424948,0,B3
D2305,TC,125,0.0,40,1160.8409647698763,0,B3
D2306,TC,125,0.0,40,421.04815767800994,0,B1
D2307,TC,125,0.0,40,780.8322171261113,0,B1
D2308,TC,125,0.0,40,1200.0,1,B3
D2309,TC,125,0.0,40,1200.0,1,B4
D2310,TC,125,0.0,40,1193.985879161609,0,B4
D2311,TC,125,0.0,40,336.80747924339227,0,B1
D2312,TC,125,0.0,40,272.36136395843675,0,B3
D2313,TC,125,0.0,40,440.1199442299927,0,B4
D2314,TC,125,0.0,40,1200.0,1,B4
D2315,TC,125,0.0,40,909.9947950001748,0,B1
D2316,TC,125,0.0,40,184.9173848795131,0,B1
D2317,TC,125,0.0,40,1200.0,1,B4
D2318,TC,125,0.0,40,743.0439000209655,0,B4
D2319,TC,125,0.0,40,549.0997108944828,0,B3
D2320,TC,125,0.0,40,786.5332163012134,0,B3
D2321,TC,125,0.0,40,709.455958657595,0,B1
D2322,TC,125,0.0,40,1200.0,1,B4
D2323,TC,125,0.0,40,1200.0,1,B1
D2324,TC,125,0.0,40,435.0016840255647,0,B1
D2325,TC,125,0.0,40,1200.0,1,B4
D2326,TC,125,0.0,40,1200.0,1,B3
D2327,TC,125,0.0,40,944.5751475229232,0,B1
D2328,TC,125,0.0,40,1200.0,1,B1
D2329,TC,125,0.0,40,994.2020387413176,0,B1
D2330,TC,125,0.0,40,1200.0,1,B1
D2331,TC,125,0.0,40,1200.0,1,B4
D2332,TC,125,0.0,40,818.8995279019555,0,B4
D2333,TC,125,0.0,40,1200.0,1,B2
D2334,TC,125,0.0,40,1200.0,1,B4
D2335,TC,125,0.0,40,1200.0,1,B1
D2336,TC,125,0.0,40,441.6787668380547,0,B4
D2337,TC,125,0.0,40,816.4607230461976,0,B1
D2338,TC,125,0.0,40,888.8645341376514,0,B2
D2339,TC,125,0.0,40,885.864905863298,0,B4
D2340,TC,125,0.0,40,1200.0,1,B1
D2341,TC,125,0.0,40,1200.0,1,B4
D2342,TC,125,0.0,40,1200.0,1,B1
D2343,TC,125,0.0,40,89.13853839921588,0,B1
D2344,TC,125,0.0,40,396.26155703190574,0,B2
D2345,TC,125,0.0,40,1200.0,1,B4
D2346,TC,125,0.0,40,1139.2948800901963,0,B4
D2347,TC,125,0.0,40,1200.0,1,B1
D2348,TC,125,0.0,40,655.722999510629,0,B1
D2349,TC,125,0.0,40,1200.0,1,B2
D2350,TC,125,0.0,40,1200.0,1,B3
D2351,TC,125,0.0,40,1200.0,1,B4
D2352,TC,125,0.0,40,1200.0,1,B4
D2353,TC,125,0.0,40,65.17867051497834,0,B2
D2354,TC,125,0.0,40,1124.903640889308,0,B2
D2355,TC,125,0.0,40,1200.0,1,B2
D2356,TC,125,0.0,40,471.615533201355,0,B1
D2357,TC,125,0.0,40,727.462207360441,0,B3
D2358,TC,125,0.0,40,521.2426859046868,0,B2
D2359,TC,125,0.0,40,770.8702229482471,0,B1
D2360,TC,125,0.0,40,1200.0,1,B3
D2361,TC,125,0.0,40,706.2467062284326,0,B3
D2362,TC,125,0.0,40,1200.0,1,B3
D2363,TC,125,0.0,40,1039.800870931697,0,B3
D2364,TC,125,0.0,40,1189.6643164244338,0,B3
D2365,TC,125,0.0,40,1200.0,1,B3
D2366,TC,125,0.0,40,1200.0,1,B1
D2367,TC,125,0.0,40,245.0218982937278,0,B4
D2368,TC,125,0.0,40,562.2320274606508,0,B1
D2369,TC,125,0.0,40,1200.0,1,B4
D2370,TC,125,0.0,40,1200.0,1,B1
D2371,TC,125,0.0,40,783.9473684896011,0,B4
D2372,TC,125,0.0,40,1002.633640604638,0,B2
D2373,TC,125,0.0,40,1200.0,1,B3
D2374,TC,125,0.0,40,832.6835006663385,0,B3
D2375,TC,125,0.0,40,1200.0,1,B2
D2376,TC,125,0.0,40,1200.0,1,B1
D2377,TC,125,0.0,40,1200.0,1,B2
D2378,TC,125,0.0,40,1200.0,1,B3
D2379,TC,125,0.0,40,1200.0,1,B1
D2380,TC,125,0.0,40,590.6000417169181,0,B3
D2381,TC,125,0.0,40,371.3601314768191,0,B3
D2382,TC,125,0.0,40,1200.0,1,B2
D2383,TC,125,0.0,40,272.7348687255076,0,B1
D2384,TC,125,0.0,40,1200.0,1,B1
D2385,TC,125,0.0,40,1200.0,1,B2
D2386,TC,125,0.0,40,1200.0,1,B1
D2387,TC,125,0.0,40,1200.0,1,B1
D2388,TC,125,0.0,40,1200.0,1,B4
D2389,TC,125,0.0,40,1200.0,1,B1
D2390,TC,125,0.0,40,672.0947237926666,0,B1
D2391,TC,125,0.0,40,317.680294838533,0,B2
D2392,TC,125,0.0,40,1035.4318981185672,0,B3
D2393,TC,125,0.0,40,747.8408162312561,0,B3
D2394,TC,125,0.0,40,1200.0,1,B4
D2395,TC,125,0.0,40,590.6246818070272,0,B4
D2396,TC,125,0.0,40,1200.0,1,B2
D2397,TC,125,0.0,40,1200.0,1,B3
D2398,TC,125,0.0,40,1200.0,1,B1
D2399,TC,125,0.0,40,1200.0,1,B4
D2400,TC,125,0.0,40,1200.0,1,B4
